ville,temperature_type,jour,date,slug,option,token_yes,bestBid,bidVolume,bestAsk,askVolume,_collecte_le
New york,highest,J+0,2026-09-29,highest-temperature-in-nyc-on-september-29-2026,63°F or below,55880149225607109324256274171953059429297082425714464328102113399964173253062,,,0.007,437.61,2026-09-29T06:01:03.267909+00:00
New york,highest,J+0,2026-09-29,highest-temperature-in-nyc-on-september-29-2026,64-65°F,10492065794021932463942570531829173649508483307487795079192350879486674884538,0.001,33.8,0.003,11.76,2026-09-29T06:01:03.267909+00:00
New york,highest,J+0,2026-09-29,highest-temperature-in-nyc-on-september-29-2026,66-67°F,90359002033161559352980353433764864853571508410735769113663934627185629977947,0.004,1000,0.008,34.53,2026-09-29T06:01:03.267909+00:00
New york,highest,J+0,2026-09-29,highest-temperature-in-nyc-on-september-29-2026,68-69°F,90374040187843995080191172750214767294248346825211269593500886555275083637302,0.24,265.66,0.27,85.22,2026-09-29T06:01:03.267909+00:00
New york,highest,J+0,2026-09-29,highest-temperature-in-nyc-on-september-29-2026,70-71°F,78179706910626809009796901742685091838883513128682988751629628697009519289343,0.53,291.5,0.56,10,2026-09-29T06:01:03.267909+00:00
New york,highest,J+0,2026-09-29,highest-temperature-in-nyc-on-september-29-2026,72-73°F,20254183750340142574052081312258269476954318807472873986385359470854085244364,0.17,94.7,0.2,5,2026-09-29T06:01:03.267909+00:00
New york,highest,J+0,2026-09-29,highest-temperature-in-nyc-on-september-29-2026,74-75°F,83716358848364643117094519778757954751748902278181468769272816229508890510197,0.021,10,0.029,5.09,2026-09-29T06:01:03.267909+00:00
New york,highest,J+0,2026-09-29,highest-temperature-in-nyc-on-september-29-2026,76-77°F,113423968686948466839434036883639993069897470331174889940565958942233123074900,0.002,67.58,0.003,238.74,2026-09-29T06:01:03.267909+00:00
New york,highest,J+0,2026-09-29,highest-temperature-in-nyc-on-september-29-2026,78-79°F,79485653206454460852226771955940801134334872127789270542344907617940864697462,,,0.001,168.62,2026-09-29T06:01:03.267909+00:00
New york,highest,J+0,2026-09-29,highest-temperature-in-nyc-on-september-29-2026,80-81°F,11583605796518383456571805897164447379950851951895024111313108006438271454839,,,0.001,4850.81,2026-09-29T06:01:03.267909+00:00
New york,highest,J+0,2026-09-29,highest-temperature-in-nyc-on-september-29-2026,82°F or higher,47866443386125004245774638396020776003429851495790134069848215270123976449679,,,0.001,5042.31,2026-09-29T06:01:03.267909+00:00
New york,highest,J+1,2026-09-30,highest-temperature-in-nyc-on-september-30-2026,65°F or below,105480111907678070473098792957738210439251563601170470885493187984387121197693,0.002,47,0.017,50,2026-09-29T06:01:05.577798+00:00
New york,highest,J+1,2026-09-30,highest-temperature-in-nyc-on-september-30-2026,66-67°F,108212285586394555989736798628563301988214800786252409184338459092346804712546,0.002,80,0.009,70,2026-09-29T06:01:05.577798+00:00
New york,highest,J+1,2026-09-30,highest-temperature-in-nyc-on-september-30-2026,68-69°F,75425886927421273516421999125764486541606061927529217915740999690037027217530,0.005,80,0.007,20,2026-09-29T06:01:05.577798+00:00
New york,highest,J+1,2026-09-30,highest-temperature-in-nyc-on-september-30-2026,70-71°F,106174786745249355205743310694640002082073511871877758046573177244454929918071,0.021,10,0.032,10,2026-09-29T06:01:05.577798+00:00
New york,highest,J+1,2026-09-30,highest-temperature-in-nyc-on-september-30-2026,72-73°F,2517131691968929973316561742532442134594983804442905035538173726172855185786,0.11,191.2,0.15,150,2026-09-29T06:01:05.577798+00:00
New york,highest,J+1,2026-09-30,highest-temperature-in-nyc-on-september-30-2026,74-75°F,9919146405840069048026914402211097805830878914774844030021376787301909042658,0.46,5,0.48,231.59,2026-09-29T06:01:05.577798+00:00
New york,highest,J+1,2026-09-30,highest-temperature-in-nyc-on-september-30-2026,76-77°F,21022819894234420628947067609008336683113444277897961202132279924148497593121,0.33,287.26,0.35,222,2026-09-29T06:01:05.577798+00:00
New york,highest,J+1,2026-09-30,highest-temperature-in-nyc-on-september-30-2026,78-79°F,710855888047057903035887632007990935940717155942730635512060185728632969051,0.04,140.19,0.08,41.12,2026-09-29T06:01:05.577798+00:00
New york,highest,J+1,2026-09-30,highest-temperature-in-nyc-on-september-30-2026,80-81°F,31875456001030252667671685194777040601947464329553534801215997211429194675944,0.002,1120,0.009,50,2026-09-29T06:01:05.577798+00:00
New york,highest,J+1,2026-09-30,highest-temperature-in-nyc-on-september-30-2026,82-83°F,6666123142765067343818489386570769419445358273707654302755342555806564516475,0.002,40,0.009,72.22,2026-09-29T06:01:05.577798+00:00
New york,highest,J+1,2026-09-30,highest-temperature-in-nyc-on-september-30-2026,84°F or higher,100235632980998497575624062531748194968352410444948891946381000067037945512437,,,0.001,285,2026-09-29T06:01:05.577798+00:00
New york,lowest,J+0,2026-09-29,lowest-temperature-in-nyc-on-september-29-2026,51°F or below,19596386106934156113903434794325108546682166364803418609943910100414420895105,,,0.013,287,2026-09-29T06:01:07.842866+00:00
New york,lowest,J+0,2026-09-29,lowest-temperature-in-nyc-on-september-29-2026,52-53°F,78263118667086478171349136663835660771403798635114891083255850182498967434291,0.009,10,0.119,41,2026-09-29T06:01:07.842866+00:00
New york,lowest,J+0,2026-09-29,lowest-temperature-in-nyc-on-september-29-2026,54-55°F,107004402439130260833984830358063643523801142388881141868830739994074947770900,0.003,30,0.051,10,2026-09-29T06:01:07.842866+00:00
New york,lowest,J+0,2026-09-29,lowest-temperature-in-nyc-on-september-29-2026,56-57°F,43532512932810004919625726326307014861644296441420505346945495390006639823534,0.012,5.05,0.08,20,2026-09-29T06:01:07.842866+00:00
New york,lowest,J+0,2026-09-29,lowest-temperature-in-nyc-on-september-29-2026,58-59°F,71671311204864946374071122442308982847320381359381918058531645805034884914243,0.14,92.83,0.44,15.35,2026-09-29T06:01:07.842866+00:00
New york,lowest,J+0,2026-09-29,lowest-temperature-in-nyc-on-september-29-2026,60-61°F,73264901442328200088436146492785888725968973923822114496315635919964022927056,0.51,45,0.74,27.79,2026-09-29T06:01:07.842866+00:00
New york,lowest,J+0,2026-09-29,lowest-temperature-in-nyc-on-september-29-2026,62-63°F,39343950726292623528146259922852032140482836674481654317607497111672934620736,0.001,35.92,0.008,70.22,2026-09-29T06:01:07.842866+00:00
New york,lowest,J+0,2026-09-29,lowest-temperature-in-nyc-on-september-29-2026,64-65°F,67876119154215692117000500164166591241882210425526308911081318915415312748505,,,0.001,638.09,2026-09-29T06:01:07.842866+00:00
New york,lowest,J+0,2026-09-29,lowest-temperature-in-nyc-on-september-29-2026,66-67°F,61220194662853175568591495527169270500625631123179042093805628771720360927544,,,0.001,1300.13,2026-09-29T06:01:07.842866+00:00
New york,lowest,J+0,2026-09-29,lowest-temperature-in-nyc-on-september-29-2026,68-69°F,102363750314644270386552705958408246836364012121432154102514626056072846312332,,,0.001,454.23,2026-09-29T06:01:07.842866+00:00
New york,lowest,J+0,2026-09-29,lowest-temperature-in-nyc-on-september-29-2026,70°F or higher,75383242561432156910828412601171004979914977238845632381486395465547426810530,,,0.001,1419.13,2026-09-29T06:01:07.842866+00:00
New york,lowest,J+1,2026-09-30,lowest-temperature-in-nyc-on-september-30-2026,51°F or below,39440091048464991354480178063667616734147124735498012218887555922523662497729,,,0.49,86.47,2026-09-29T06:01:10.092632+00:00
New york,lowest,J+1,2026-09-30,lowest-temperature-in-nyc-on-september-30-2026,52-53°F,101815398044418310382093179003969512463043505398776603916485706318351304269995,,,0.18,9.75,2026-09-29T06:01:10.092632+00:00
New york,lowest,J+1,2026-09-30,lowest-temperature-in-nyc-on-september-30-2026,54-55°F,78856310217469127404642177533436346081549390696389909263661222211494973270612,,,0.4,78.5,2026-09-29T06:01:10.092632+00:00
New york,lowest,J+1,2026-09-30,lowest-temperature-in-nyc-on-september-30-2026,56-57°F,12220257744062123221064052322346519377530926589327213299277345953936339440591,0.03,70,0.35,68.9,2026-09-29T06:01:10.092632+00:00
New york,lowest,J+1,2026-09-30,lowest-temperature-in-nyc-on-september-30-2026,58-59°F,7571853283639011649623812960514004330279688259437801702583786228593003577925,0.07,236.94,0.4,78.5,2026-09-29T06:01:10.092632+00:00
New york,lowest,J+1,2026-09-30,lowest-temperature-in-nyc-on-september-30-2026,60-61°F,2880327088095047563467889135146112883353387371451957779700511322434585037985,0.07,40.66,0.57,21,2026-09-29T06:01:10.092632+00:00
New york,lowest,J+1,2026-09-30,lowest-temperature-in-nyc-on-september-30-2026,62-63°F,19754627432072051050796965240525616878945726165710718007860291019478377509374,0.36,30,0.48,5.76,2026-09-29T06:01:10.092632+00:00
New york,lowest,J+1,2026-09-30,lowest-temperature-in-nyc-on-september-30-2026,64-65°F,24300155294244839508196163651059940873650383941977736443044611653670731793814,,,0.4,78.5,2026-09-29T06:01:10.092632+00:00
New york,lowest,J+1,2026-09-30,lowest-temperature-in-nyc-on-september-30-2026,66-67°F,43163863646390133117324280103498802496330017908232272090850953246364353962075,0.001,20,0.03,8.27,2026-09-29T06:01:10.092632+00:00
New york,lowest,J+1,2026-09-30,lowest-temperature-in-nyc-on-september-30-2026,68-69°F,19921827964590085359263080975872817859725818033272369533024446757112207078182,0.001,70,0.015,100,2026-09-29T06:01:10.092632+00:00
New york,lowest,J+1,2026-09-30,lowest-temperature-in-nyc-on-september-30-2026,70°F or higher,54718144908376142618734843978310155820644750520358064413246325404321777226397,,,0.46,81.66,2026-09-29T06:01:10.092632+00:00
Miami,highest,J+0,2026-09-29,highest-temperature-in-miami-on-september-29-2026,75°F or below,106478151229843927925366711382260091612910878337275078882945148459396141338564,,,0.001,4488,2026-09-29T06:01:12.370306+00:00
Miami,highest,J+0,2026-09-29,highest-temperature-in-miami-on-september-29-2026,76-77°F,9666941207657624693688845911099516559517431310523186216364775189227665411386,,,0.001,2307.4,2026-09-29T06:01:12.370306+00:00
Miami,highest,J+0,2026-09-29,highest-temperature-in-miami-on-september-29-2026,78-79°F,104937575900509592602590334184363878282840087848627527313922647132196728032273,,,0.001,1998,2026-09-29T06:01:12.370306+00:00
Miami,highest,J+0,2026-09-29,highest-temperature-in-miami-on-september-29-2026,80-81°F,8221213388221178632625909767971169883573533769709365436132975005654549558045,0.05,140.15,0.08,16.5,2026-09-29T06:01:12.370306+00:00
Miami,highest,J+0,2026-09-29,highest-temperature-in-miami-on-september-29-2026,82-83°F,110176538133208853916013191011770193272770559856238683583259226630301056059251,0.28,90,0.33,10.26,2026-09-29T06:01:12.370306+00:00
Miami,highest,J+0,2026-09-29,highest-temperature-in-miami-on-september-29-2026,84-85°F,81718126724871150686630521703343923762026688700214796259704779739318208142226,0.4,10,0.43,211.67,2026-09-29T06:01:12.370306+00:00
Miami,highest,J+0,2026-09-29,highest-temperature-in-miami-on-september-29-2026,86-87°F,221191059037089112418387378398316056914324826475843061557548869486310424008,0.16,68.8,0.19,10,2026-09-29T06:01:12.370306+00:00
Miami,highest,J+0,2026-09-29,highest-temperature-in-miami-on-september-29-2026,88-89°F,114652433149914466758290528249588672647734356345322580755479471277632967977792,0.032,2.2,0.048,15,2026-09-29T06:01:12.370306+00:00
Miami,highest,J+0,2026-09-29,highest-temperature-in-miami-on-september-29-2026,90-91°F,10976179934155677163191897990923971556338878787612045316268559340997373679036,0.004,5.04,0.005,5,2026-09-29T06:01:12.370306+00:00
Miami,highest,J+0,2026-09-29,highest-temperature-in-miami-on-september-29-2026,92-93°F,39312595520775788049963166083565839540475755805826995076643445070161908324153,,,0.002,48.49,2026-09-29T06:01:12.370306+00:00
Miami,highest,J+0,2026-09-29,highest-temperature-in-miami-on-september-29-2026,94°F or higher,24783724193266001086145254438485704249685904174224502868795816992657378690169,,,0.004,255.39,2026-09-29T06:01:12.370306+00:00
Miami,highest,J+1,2026-09-30,highest-temperature-in-miami-on-september-30-2026,75°F or below,64412401086634358051166077512640256164740268339596220108142940458492449985604,0.001,174.95,0.01,463.27,2026-09-29T06:01:15.095743+00:00
Miami,highest,J+1,2026-09-30,highest-temperature-in-miami-on-september-30-2026,76-77°F,50419658516064201256729063127786159633917740906545110904297808887647036528731,0.001,39.85,0.009,60,2026-09-29T06:01:15.095743+00:00
Miami,highest,J+1,2026-09-30,highest-temperature-in-miami-on-september-30-2026,78-79°F,104484913200382909247898383418873986284311711405594398818903679801912275387628,0.005,80,0.015,39.33,2026-09-29T06:01:15.095743+00:00
Miami,highest,J+1,2026-09-30,highest-temperature-in-miami-on-september-30-2026,80-81°F,35057745962800429079101236869405032879025924486443499954074840337611321667993,0.031,126.77,0.06,37.78,2026-09-29T06:01:15.095743+00:00
Miami,highest,J+1,2026-09-30,highest-temperature-in-miami-on-september-30-2026,82-83°F,18173089039653455644745960324705197164562254886977404889431584843131026140695,0.19,511.34,0.22,19.18,2026-09-29T06:01:15.095743+00:00
Miami,highest,J+1,2026-09-30,highest-temperature-in-miami-on-september-30-2026,84-85°F,26848308622393619146775935307740241552481165063497422008381104313048008243537,0.42,258.79,0.44,298.17,2026-09-29T06:01:15.095743+00:00
Miami,highest,J+1,2026-09-30,highest-temperature-in-miami-on-september-30-2026,86-87°F,62279286347727210113790138545116883910079231365384137970999787949526824549759,0.25,195,0.27,216.29,2026-09-29T06:01:15.095743+00:00
Miami,highest,J+1,2026-09-30,highest-temperature-in-miami-on-september-30-2026,88-89°F,31880305970352707765145752735086769951060763651294421701202966947134848211868,0.031,744.08,0.04,10,2026-09-29T06:01:15.095743+00:00
Miami,highest,J+1,2026-09-30,highest-temperature-in-miami-on-september-30-2026,90-91°F,95903504001327392116599723302544903362481655885194034655244142653007552449367,0.004,8.39,0.048,10,2026-09-29T06:01:15.095743+00:00
Miami,highest,J+1,2026-09-30,highest-temperature-in-miami-on-september-30-2026,92-93°F,109640599257273833984857028262616148405183128340444532213671056910141749664193,0.001,125,0.005,322.01,2026-09-29T06:01:15.095743+00:00
Miami,highest,J+1,2026-09-30,highest-temperature-in-miami-on-september-30-2026,94°F or higher,26563638939755391489141659450731170024636215500992765934176205941368593912024,,,0.001,280,2026-09-29T06:01:15.095743+00:00
Miami,lowest,J+0,2026-09-29,lowest-temperature-in-miami-on-september-29-2026,65°F or below,41283115459070019244889274125798641007920429753214783781285016686656149646886,0.001,700.12,0.005,589,2026-09-29T06:01:17.366320+00:00
Miami,lowest,J+0,2026-09-29,lowest-temperature-in-miami-on-september-29-2026,66-67°F,9030887920603252318662342611977265443858361364379938725325120294434263032393,0.001,84.12,0.005,279,2026-09-29T06:01:17.366320+00:00
Miami,lowest,J+0,2026-09-29,lowest-temperature-in-miami-on-september-29-2026,68-69°F,11390730616077293576402601491373383146704291521817655770907376861818510787659,,,0.1,23.75,2026-09-29T06:01:17.366320+00:00
Miami,lowest,J+0,2026-09-29,lowest-temperature-in-miami-on-september-29-2026,70-71°F,87004201114938163825468759342635853156385737779172066413423216272255497514271,0.031,5.12,0.195,20,2026-09-29T06:01:17.366320+00:00
Miami,lowest,J+0,2026-09-29,lowest-temperature-in-miami-on-september-29-2026,72-73°F,115718315129155494734352488301856559227073097968590670303844065158823191969974,0.27,30.12,0.34,20,2026-09-29T06:01:17.366320+00:00
Miami,lowest,J+0,2026-09-29,lowest-temperature-in-miami-on-september-29-2026,74-75°F,2417746523222507718205369331376648572691126111961569472104191884268866620842,0.08,32.22,0.43,82.53,2026-09-29T06:01:17.366320+00:00
Miami,lowest,J+0,2026-09-29,lowest-temperature-in-miami-on-september-29-2026,76-77°F,45810280973624202228157997282601989980830394866457262878055867218631449178212,0.13,13.43,0.4,7.44,2026-09-29T06:01:17.366320+00:00
Miami,lowest,J+0,2026-09-29,lowest-temperature-in-miami-on-september-29-2026,78-79°F,86975782223844693568230112147280214620952839404520520105852789149177063571785,0.01,9.9,0.39,29.77,2026-09-29T06:01:17.366320+00:00
Miami,lowest,J+0,2026-09-29,lowest-temperature-in-miami-on-september-29-2026,80-81°F,73716103157510637316125734427945783983389626772528599112915027025422018585534,,,0.001,589.87,2026-09-29T06:01:17.366320+00:00
Miami,lowest,J+0,2026-09-29,lowest-temperature-in-miami-on-september-29-2026,82-83°F,101468415083909829286956450695515231681763196870146592242621708994855125179383,,,0.001,649.87,2026-09-29T06:01:17.366320+00:00
Miami,lowest,J+0,2026-09-29,lowest-temperature-in-miami-on-september-29-2026,84°F or higher,53870400708469878267239816652631875419911689120655449442370060347992218006510,,,0.001,1306.87,2026-09-29T06:01:17.366320+00:00
Miami,lowest,J+1,2026-09-30,lowest-temperature-in-miami-on-september-30-2026,67°F or below,14213241579971425509042546276987639867844576079254394106446256987693454701833,0.001,919.99,0.01,112,2026-09-29T06:01:19.599235+00:00
Miami,lowest,J+1,2026-09-30,lowest-temperature-in-miami-on-september-30-2026,68-69°F,24730607132082379085549396874293866178471239352119951755780473864417640451575,,,0.17,18.3,2026-09-29T06:01:19.599235+00:00
Miami,lowest,J+1,2026-09-30,lowest-temperature-in-miami-on-september-30-2026,70-71°F,60170210763779691013563935863038447487033269955153360008184652378846689282164,,,0.4,78.5,2026-09-29T06:01:19.599235+00:00
Miami,lowest,J+1,2026-09-30,lowest-temperature-in-miami-on-september-30-2026,72-73°F,84911169487023981589270620949702741519946577276061275548385262706662699460671,0.08,5,0.4,78.5,2026-09-29T06:01:19.599235+00:00
Miami,lowest,J+1,2026-09-30,lowest-temperature-in-miami-on-september-30-2026,74-75°F,75012570397530162186256076909632617172973451359195432204253548927269364429937,0.17,39.02,0.4,5,2026-09-29T06:01:19.599235+00:00
Miami,lowest,J+1,2026-09-30,lowest-temperature-in-miami-on-september-30-2026,76-77°F,33847209838890614064233343555376523263280859145569848980222594360137048807313,0.15,5,0.4,5,2026-09-29T06:01:19.599235+00:00
Miami,lowest,J+1,2026-09-30,lowest-temperature-in-miami-on-september-30-2026,78-79°F,31698686540511205538506474948855312855552078245049634179118739073900622334953,,,0.4,76.68,2026-09-29T06:01:19.599235+00:00
Miami,lowest,J+1,2026-09-30,lowest-temperature-in-miami-on-september-30-2026,80-81°F,90892826876495370467195254126814584233665422708608574856420143271506531416918,,,0.4,78.5,2026-09-29T06:01:19.599235+00:00
Miami,lowest,J+1,2026-09-30,lowest-temperature-in-miami-on-september-30-2026,82-83°F,112256013803477700055936491929486681445619375249953536689632812410521570155181,,,0.18,9.75,2026-09-29T06:01:19.599235+00:00
Miami,lowest,J+1,2026-09-30,lowest-temperature-in-miami-on-september-30-2026,84-85°F,115591799066558755933218682985108124570764148325122527660919205452185176904121,,,0.16,65,2026-09-29T06:01:19.599235+00:00
Miami,lowest,J+1,2026-09-30,lowest-temperature-in-miami-on-september-30-2026,86°F or higher,19559717557072155750378533534259616640786078827860895177067781485319900195135,0.001,819.99,0.01,120,2026-09-29T06:01:19.599235+00:00
Austin,highest,J+0,2026-09-29,highest-temperature-in-austin-on-september-29-2026,85°F or below,85636200185813553697671713593057432406949851814473725527749970267509473878406,,,0.002,223.59,2026-09-29T06:01:21.858561+00:00
Austin,highest,J+0,2026-09-29,highest-temperature-in-austin-on-september-29-2026,86-87°F,66132943586337836936842478157568511166152826504433553090025023414759713115192,,,0.001,267.65,2026-09-29T06:01:21.858561+00:00
Austin,highest,J+0,2026-09-29,highest-temperature-in-austin-on-september-29-2026,88-89°F,35133534347026365340578966867442274071799511544714024660903860858313942579962,,,0.003,121.15,2026-09-29T06:01:21.858561+00:00
Austin,highest,J+0,2026-09-29,highest-temperature-in-austin-on-september-29-2026,90-91°F,57493802198219430859690206632179626074330954043369702770320763098386620918071,0.02,5,0.037,10.19,2026-09-29T06:01:21.858561+00:00
Austin,highest,J+0,2026-09-29,highest-temperature-in-austin-on-september-29-2026,92-93°F,29160609372106697584651672068084545577006257880898563592032244111121579500214,0.14,80.22,0.17,17.29,2026-09-29T06:01:21.858561+00:00
Austin,highest,J+0,2026-09-29,highest-temperature-in-austin-on-september-29-2026,94-95°F,82765866189801812572809988028375979915650127810934746433095547479555439179291,0.48,16.86,0.49,5.65,2026-09-29T06:01:21.858561+00:00
Austin,highest,J+0,2026-09-29,highest-temperature-in-austin-on-september-29-2026,96-97°F,50773085848409863192127957252653625864080262765511964878292720096998764830263,0.33,5,0.37,5,2026-09-29T06:01:21.858561+00:00
Austin,highest,J+0,2026-09-29,highest-temperature-in-austin-on-september-29-2026,98-99°F,55446210901315504610686303970916788088785255648677803888124647604763284924380,0.005,5,0.007,88.18,2026-09-29T06:01:21.858561+00:00
Austin,highest,J+0,2026-09-29,highest-temperature-in-austin-on-september-29-2026,100-101°F,82650103652388589480110070719595458146962661384738548364528135875143011409035,,,0.002,174.29,2026-09-29T06:01:21.858561+00:00
Austin,highest,J+0,2026-09-29,highest-temperature-in-austin-on-september-29-2026,102-103°F,104286487502230867479156430813682788211366166551856149378429400328386887541960,,,0.001,265.92,2026-09-29T06:01:21.858561+00:00
Austin,highest,J+0,2026-09-29,highest-temperature-in-austin-on-september-29-2026,104°F or higher,87487775465172383017082707675924657804098502004094273791289622265307192188,,,0.001,4862.48,2026-09-29T06:01:21.858561+00:00
Austin,highest,J+1,2026-09-30,highest-temperature-in-austin-on-september-30-2026,85°F or below,89048278197233505288376297142416439889376458069026710899629492765403826355124,0.001,49.97,0.002,19.96,2026-09-29T06:01:24.117746+00:00
Austin,highest,J+1,2026-09-30,highest-temperature-in-austin-on-september-30-2026,86-87°F,43630276022627972366218672207512511416110736526300832081990251427989753324210,0.002,30,0.01,20,2026-09-29T06:01:24.117746+00:00
Austin,highest,J+1,2026-09-30,highest-temperature-in-austin-on-september-30-2026,88-89°F,7703045409904198584014386909005134028096382139265610828428480061276238644194,0.005,69.98,0.01,31,2026-09-29T06:01:24.117746+00:00
Austin,highest,J+1,2026-09-30,highest-temperature-in-austin-on-september-30-2026,90-91°F,77248837348863124447796559125297508124833821829193202510561767602743668238257,0.04,317.15,0.05,11.85,2026-09-29T06:01:24.117746+00:00
Austin,highest,J+1,2026-09-30,highest-temperature-in-austin-on-september-30-2026,92-93°F,8599938266958890821335593170581232425407192203438289038139208168263122965465,0.09,75,0.13,65.02,2026-09-29T06:01:24.117746+00:00
Austin,highest,J+1,2026-09-30,highest-temperature-in-austin-on-september-30-2026,94-95°F,72782925426581411908686750190183385343515420830687030674147604699764823095921,0.34,593,0.36,45,2026-09-29T06:01:24.117746+00:00
Austin,highest,J+1,2026-09-30,highest-temperature-in-austin-on-september-30-2026,96-97°F,83143296420474428471781597278741927698198849874371018033928389749085287778960,0.38,90,0.4,103.69,2026-09-29T06:01:24.117746+00:00
Austin,highest,J+1,2026-09-30,highest-temperature-in-austin-on-september-30-2026,98-99°F,8657454280087059068283837883223780871530664541068434848529770034378210155807,0.08,208,0.12,50,2026-09-29T06:01:24.117746+00:00
Austin,highest,J+1,2026-09-30,highest-temperature-in-austin-on-september-30-2026,100-101°F,104513283916943380669634473178284176831048263253077524412136618696966206272124,0.006,10,0.009,39,2026-09-29T06:01:24.117746+00:00
Austin,highest,J+1,2026-09-30,highest-temperature-in-austin-on-september-30-2026,102-103°F,4079828603015728519157468165459387130816268789020652007220128757396153881611,0.005,69.98,0.009,409,2026-09-29T06:01:24.117746+00:00
Austin,highest,J+1,2026-09-30,highest-temperature-in-austin-on-september-30-2026,104°F or higher,60198400376406734124294085427620710125307204792573796567327683028603817081037,,,0.001,186,2026-09-29T06:01:24.117746+00:00
Austin,lowest,J+0,2026-09-29,lowest-temperature-in-austin-on-september-29-2026,65°F or below,40513327865234332053072020140438758107395190689315296430967526601149567302557,,,,,2026-09-29T06:01:26.519400+00:00
Austin,lowest,J+0,2026-09-29,lowest-temperature-in-austin-on-september-29-2026,66-67°F,108939257371456327542735756803873487274480365866774704095601485828498105411339,,,0.08,8.7,2026-09-29T06:01:26.519400+00:00
Austin,lowest,J+0,2026-09-29,lowest-temperature-in-austin-on-september-29-2026,68-69°F,8960498581169071155368069426772160479428986197131183417444170847542796189560,,,0.08,8.7,2026-09-29T06:01:26.519400+00:00
Austin,lowest,J+0,2026-09-29,lowest-temperature-in-austin-on-september-29-2026,70-71°F,66128146785109285384568196685398480421623056331921485945337962765679783582362,,,0.4,5,2026-09-29T06:01:26.519400+00:00
Austin,lowest,J+0,2026-09-29,lowest-temperature-in-austin-on-september-29-2026,72-73°F,102253919140371196159950712088761114450771020957258171559992362717964381544304,0.02,5,0.48,1.59,2026-09-29T06:01:26.519400+00:00
Austin,lowest,J+0,2026-09-29,lowest-temperature-in-austin-on-september-29-2026,74-75°F,8073750556665091069151187954727335634303054394742305678246170867800250199498,0.05,10,0.58,7.14,2026-09-29T06:01:26.519400+00:00
Austin,lowest,J+0,2026-09-29,lowest-temperature-in-austin-on-september-29-2026,76-77°F,17540261280336259089504970243891147411553503312933068838142170884591420744825,0.02,5,0.4,5,2026-09-29T06:01:26.519400+00:00
Austin,lowest,J+0,2026-09-29,lowest-temperature-in-austin-on-september-29-2026,78-79°F,83855362219273200412759819293526687118861663249684028788572089026318620043388,,,0.4,5,2026-09-29T06:01:26.519400+00:00
Austin,lowest,J+0,2026-09-29,lowest-temperature-in-austin-on-september-29-2026,80-81°F,87593997454171951724744750033144124679308500351366820302934531254129380120512,,,0.4,5,2026-09-29T06:01:26.519400+00:00
Austin,lowest,J+0,2026-09-29,lowest-temperature-in-austin-on-september-29-2026,82-83°F,93253402395624374311356349902605446976211150501811492946287911625363822652221,,,0.001,575,2026-09-29T06:01:26.519400+00:00
Austin,lowest,J+0,2026-09-29,lowest-temperature-in-austin-on-september-29-2026,84°F or higher,70260758209469393300423730099023127975390936488921867863728672869178521536561,,,0.001,565.01,2026-09-29T06:01:26.519400+00:00
Austin,lowest,J+1,2026-09-30,lowest-temperature-in-austin-on-september-30-2026,69°F or below,69233500445860120308583441787848817136784458858717682016348253139025821946503,,,0.64,31,2026-09-29T06:01:28.760009+00:00
Austin,lowest,J+1,2026-09-30,lowest-temperature-in-austin-on-september-30-2026,70-71°F,113956622370247031101318200167517107042996811552998004359592867977848496110931,,,0.4,5,2026-09-29T06:01:28.760009+00:00
Austin,lowest,J+1,2026-09-30,lowest-temperature-in-austin-on-september-30-2026,72-73°F,114866241547388775099180176722760967552160856631262610851927596735580575731384,0.03,36,0.4,5,2026-09-29T06:01:28.760009+00:00
Austin,lowest,J+1,2026-09-30,lowest-temperature-in-austin-on-september-30-2026,74-75°F,87669084744254106000895517760705307562230385366354775011842806200824403478366,0.03,36,0.4,5,2026-09-29T06:01:28.760009+00:00
Austin,lowest,J+1,2026-09-30,lowest-temperature-in-austin-on-september-30-2026,76-77°F,112760395479298496853455321824406306293924598901187491868254488522080235153222,0.4,12,0.53,6.38,2026-09-29T06:01:28.760009+00:00
Austin,lowest,J+1,2026-09-30,lowest-temperature-in-austin-on-september-30-2026,78-79°F,79409673773606920254865262934044695994625141324898888680806526091930715541061,,,0.4,5,2026-09-29T06:01:28.760009+00:00
Austin,lowest,J+1,2026-09-30,lowest-temperature-in-austin-on-september-30-2026,80-81°F,36789739852243156258341724633757993692741292493877286935739755836962789101831,,,0.4,5,2026-09-29T06:01:28.760009+00:00
Austin,lowest,J+1,2026-09-30,lowest-temperature-in-austin-on-september-30-2026,82-83°F,35510458671847013740645677458963180400881231165357817348372425024491183629398,,,0.17,18.3,2026-09-29T06:01:28.760009+00:00
Austin,lowest,J+1,2026-09-30,lowest-temperature-in-austin-on-september-30-2026,84-85°F,44275029927454344264067481954368431652998433639658312561837250669589191959513,,,0.17,18.3,2026-09-29T06:01:28.760009+00:00
Austin,lowest,J+1,2026-09-30,lowest-temperature-in-austin-on-september-30-2026,86-87°F,395128088633204395080362656063991895564635869872947904010294797796608283997,,,0.17,18.3,2026-09-29T06:01:28.760009+00:00
Austin,lowest,J+1,2026-09-30,lowest-temperature-in-austin-on-september-30-2026,88°F or higher,95863133101631273124272309966943825312076164426602626747931094250127532141508,,,0.6,73.57,2026-09-29T06:01:28.760009+00:00
Dallas,highest,J+0,2026-09-29,highest-temperature-in-dallas-on-september-29-2026,85°F or below,61559916083637260010414242868708619949767720311103825164084392239941933259926,,,0.002,203.77,2026-09-29T06:01:31.027516+00:00
Dallas,highest,J+0,2026-09-29,highest-temperature-in-dallas-on-september-29-2026,86-87°F,37827087281230016590058665129417109762745220677191329342343541555985380916237,,,0.008,557.51,2026-09-29T06:01:31.027516+00:00
Dallas,highest,J+0,2026-09-29,highest-temperature-in-dallas-on-september-29-2026,88-89°F,14987830239015381551227703155037386041903851543525550734604382919287178074642,0.002,573.5,0.006,77.37,2026-09-29T06:01:31.027516+00:00
Dallas,highest,J+0,2026-09-29,highest-temperature-in-dallas-on-september-29-2026,90-91°F,86075871367402431834916049960190556835032867970726059788178453444730650708384,0.02,118,0.048,159.03,2026-09-29T06:01:31.027516+00:00
Dallas,highest,J+0,2026-09-29,highest-temperature-in-dallas-on-september-29-2026,92-93°F,91515177564365182683088645349527989786848044630729960162825120780487258581603,0.52,120.93,0.54,6.52,2026-09-29T06:01:31.027516+00:00
Dallas,highest,J+0,2026-09-29,highest-temperature-in-dallas-on-september-29-2026,94-95°F,110289375154198882933932695385649591454908764577747508827187446284250888614552,0.35,5,0.39,55.12,2026-09-29T06:01:31.027516+00:00
Dallas,highest,J+0,2026-09-29,highest-temperature-in-dallas-on-september-29-2026,96-97°F,66589762153595578072799715138377919774160125588449404885933374972248998446539,0.03,46,0.04,27.95,2026-09-29T06:01:31.027516+00:00
Dallas,highest,J+0,2026-09-29,highest-temperature-in-dallas-on-september-29-2026,98-99°F,99998240838824315065294306161814228951187891054105506845416540038651360507814,0.001,63.43,0.002,61.57,2026-09-29T06:01:31.027516+00:00
Dallas,highest,J+0,2026-09-29,highest-temperature-in-dallas-on-september-29-2026,100-101°F,99214983336210165351692305711571036563787140403835409903423939001198707155621,0.002,471.16,0.006,46.46,2026-09-29T06:01:31.027516+00:00
Dallas,highest,J+0,2026-09-29,highest-temperature-in-dallas-on-september-29-2026,102-103°F,67701183805589565784874920497044855570851620171976536637175522183528311588764,,,0.002,309.48,2026-09-29T06:01:31.027516+00:00
Dallas,highest,J+0,2026-09-29,highest-temperature-in-dallas-on-september-29-2026,104°F or higher,91657669558814832622391099142263372004699704465734405099202769713045909383378,,,0.001,538.41,2026-09-29T06:01:31.027516+00:00
Dallas,highest,J+1,2026-09-30,highest-temperature-in-dallas-on-september-30-2026,81°F or below,39174966646914685684095589125359130649681038953577288314829993812259855982940,0.001,74.95,0.01,407.77,2026-09-29T06:01:33.312887+00:00
Dallas,highest,J+1,2026-09-30,highest-temperature-in-dallas-on-september-30-2026,82-83°F,42210615947719578693182907434553863653737979785048291807162960428027413282450,0.001,54.65,0.018,10.02,2026-09-29T06:01:33.312887+00:00
Dallas,highest,J+1,2026-09-30,highest-temperature-in-dallas-on-september-30-2026,84-85°F,62135506426491614313400874812342337528075379489534965138806834141898196312466,0.001,89.59,0.018,20.02,2026-09-29T06:01:33.312887+00:00
Dallas,highest,J+1,2026-09-30,highest-temperature-in-dallas-on-september-30-2026,86-87°F,48227229344278585060044619235129260670091406113052142513499415021586234695166,0.005,80,0.01,27.77,2026-09-29T06:01:33.312887+00:00
Dallas,highest,J+1,2026-09-30,highest-temperature-in-dallas-on-september-30-2026,88-89°F,58366112320650951678463000481393313739724240551120607512022645882937817710015,0.03,102.84,0.05,10.02,2026-09-29T06:01:33.312887+00:00
Dallas,highest,J+1,2026-09-30,highest-temperature-in-dallas-on-september-30-2026,90-91°F,16737908292541623726974084117533681270731390500332737591490173395286408679375,0.14,388.19,0.17,13.85,2026-09-29T06:01:33.312887+00:00
Dallas,highest,J+1,2026-09-30,highest-temperature-in-dallas-on-september-30-2026,92-93°F,106947627056748442287639153100333225219640609989069730376662149974598289892021,0.42,10.19,0.43,286.52,2026-09-29T06:01:33.312887+00:00
Dallas,highest,J+1,2026-09-30,highest-temperature-in-dallas-on-september-30-2026,94-95°F,38718072660667627892729177456789033515894551313125714470971386382224943287118,0.32,123,0.33,40.19,2026-09-29T06:01:33.312887+00:00
Dallas,highest,J+1,2026-09-30,highest-temperature-in-dallas-on-september-30-2026,96-97°F,70410890819145654728691723332603070233140780481677634252164988636407363018210,0.04,60,0.05,18.33,2026-09-29T06:01:33.312887+00:00
Dallas,highest,J+1,2026-09-30,highest-temperature-in-dallas-on-september-30-2026,98-99°F,65601024100346983578629975754452559382111278837830295516533192515809610949281,0.005,80,0.009,15,2026-09-29T06:01:33.312887+00:00
Dallas,highest,J+1,2026-09-30,highest-temperature-in-dallas-on-september-30-2026,100°F or higher,45037808227259023544094638858401119467446412850600252875636850285131704568752,0.002,80,0.009,75,2026-09-29T06:01:33.312887+00:00
Dallas,lowest,J+0,2026-09-29,lowest-temperature-in-dallas-on-september-29-2026,67°F or below,78528655468904223040297333427594603017051694836125470838104037538659043326568,,,,,2026-09-29T06:01:35.901859+00:00
Dallas,lowest,J+0,2026-09-29,lowest-temperature-in-dallas-on-september-29-2026,68-69°F,31718407373862398767380423923962924587180851307756740594376057847160103489939,,,0.17,40,2026-09-29T06:01:35.901859+00:00
Dallas,lowest,J+0,2026-09-29,lowest-temperature-in-dallas-on-september-29-2026,70-71°F,73408105317927693082391392833463049881871555529656413302201303702106536422191,,,0.15,6.83,2026-09-29T06:01:35.901859+00:00
Dallas,lowest,J+0,2026-09-29,lowest-temperature-in-dallas-on-september-29-2026,72-73°F,88279319042444457209830724346979231223469055440706531492431763816640032046246,,,0.4,5,2026-09-29T06:01:35.901859+00:00
Dallas,lowest,J+0,2026-09-29,lowest-temperature-in-dallas-on-september-29-2026,74-75°F,24303125801767496314008569724113445798170812393159444566068000158042220938364,0.02,10,0.39,10,2026-09-29T06:01:35.901859+00:00
Dallas,lowest,J+0,2026-09-29,lowest-temperature-in-dallas-on-september-29-2026,76-77°F,57355821924406836589168332377266456234560911271415851554052246735702697744172,0.21,20,0.51,10,2026-09-29T06:01:35.901859+00:00
Dallas,lowest,J+0,2026-09-29,lowest-temperature-in-dallas-on-september-29-2026,78-79°F,44763537998004261305037943343860429814829917768927799875018089443579618319193,0.15,20,0.57,10,2026-09-29T06:01:35.901859+00:00
Dallas,lowest,J+0,2026-09-29,lowest-temperature-in-dallas-on-september-29-2026,80-81°F,12029157931100506576983381553597274514476521421332332117233705230634075628491,,,0.4,5,2026-09-29T06:01:35.901859+00:00
Dallas,lowest,J+0,2026-09-29,lowest-temperature-in-dallas-on-september-29-2026,82-83°F,87088078821162475880242215967954982945766804047111406100349339506679346341585,,,0.18,9.75,2026-09-29T06:01:35.901859+00:00
Dallas,lowest,J+0,2026-09-29,lowest-temperature-in-dallas-on-september-29-2026,84-85°F,66672676843762401991432864268165341302462056355461074413495194239082744335195,,,0.001,570,2026-09-29T06:01:35.901859+00:00
Dallas,lowest,J+0,2026-09-29,lowest-temperature-in-dallas-on-september-29-2026,86°F or higher,103804933273885303839037577066811632816200896143990493941729131393325575035585,,,0.001,570,2026-09-29T06:01:35.901859+00:00
Dallas,lowest,J+1,2026-09-30,lowest-temperature-in-dallas-on-september-30-2026,67°F or below,73335761906379198906999617514157640923494593934169942051525565254727719801581,,,0.49,12.8,2026-09-29T06:01:38.665193+00:00
Dallas,lowest,J+1,2026-09-30,lowest-temperature-in-dallas-on-september-30-2026,68-69°F,41696543533298702649585388254876440397393752263503801441520599594569871847154,,,0.17,66,2026-09-29T06:01:38.665193+00:00
Dallas,lowest,J+1,2026-09-30,lowest-temperature-in-dallas-on-september-30-2026,70-71°F,54071516689430606383643689894008310087045370182723283126554182300244462338143,0.01,100,0.18,9.75,2026-09-29T06:01:38.665193+00:00
Dallas,lowest,J+1,2026-09-30,lowest-temperature-in-dallas-on-september-30-2026,72-73°F,80316916419159093045747018507268472884668454950894286560715631906194540132035,,,0.4,5,2026-09-29T06:01:38.665193+00:00
Dallas,lowest,J+1,2026-09-30,lowest-temperature-in-dallas-on-september-30-2026,74-75°F,29107684823887694413124963713862950307972122149915067186681781910803738627655,0.04,25,0.4,5,2026-09-29T06:01:38.665193+00:00
Dallas,lowest,J+1,2026-09-30,lowest-temperature-in-dallas-on-september-30-2026,76-77°F,66654681265567018771918565750633479746979092884009005203079461217980771419577,0.05,10,0.4,5,2026-09-29T06:01:38.665193+00:00
Dallas,lowest,J+1,2026-09-30,lowest-temperature-in-dallas-on-september-30-2026,78-79°F,6307134165478980333302226051495337229139719707026668708646593644907267733720,0.06,10,0.44,2.73,2026-09-29T06:01:38.665193+00:00
Dallas,lowest,J+1,2026-09-30,lowest-temperature-in-dallas-on-september-30-2026,80-81°F,14476145203694681448408192421203650623698099815900286713161668699860477802688,0.4,13.33,0.51,5.13,2026-09-29T06:01:38.665193+00:00
Dallas,lowest,J+1,2026-09-30,lowest-temperature-in-dallas-on-september-30-2026,82-83°F,93594307014300425959843058393372647508815622280414333794086632629877734429327,,,0.4,5,2026-09-29T06:01:38.665193+00:00
Dallas,lowest,J+1,2026-09-30,lowest-temperature-in-dallas-on-september-30-2026,84-85°F,65944279325739325031457704440652868089050258384751947364817786604791323121372,,,0.18,9.75,2026-09-29T06:01:38.665193+00:00
Dallas,lowest,J+1,2026-09-30,lowest-temperature-in-dallas-on-september-30-2026,86°F or higher,87047835745571972810983904704363876045037126451568774301149270116816029805370,,,0.86,10,2026-09-29T06:01:38.665193+00:00
Denver,highest,J+0,2026-09-29,highest-temperature-in-denver-on-september-29-2026,55°F or below,95416352174879560262810484800945795132633818634003988417722199426828365494615,0.001,124.32,0.003,5135.38,2026-09-29T06:01:40.910020+00:00
Denver,highest,J+0,2026-09-29,highest-temperature-in-denver-on-september-29-2026,56-57°F,38537534746073344500122315384663045369637301031218249222386699685016430047388,0.001,167.25,0.003,5179.89,2026-09-29T06:01:40.910020+00:00
Denver,highest,J+0,2026-09-29,highest-temperature-in-denver-on-september-29-2026,58-59°F,14780959910369691251499410139329804671467752179641953855159290269102289674718,0.001,114.67,0.003,5047.64,2026-09-29T06:01:40.910020+00:00
Denver,highest,J+0,2026-09-29,highest-temperature-in-denver-on-september-29-2026,60-61°F,12850627844941761113812934478103140797108876042433386320141543747025039677868,0.001,153.88,0.003,440.08,2026-09-29T06:01:40.910020+00:00
Denver,highest,J+0,2026-09-29,highest-temperature-in-denver-on-september-29-2026,62-63°F,36166086307295002696574779861719916772617354440937564311472023009962687127933,0.02,154.07,0.033,5,2026-09-29T06:01:40.910020+00:00
Denver,highest,J+0,2026-09-29,highest-temperature-in-denver-on-september-29-2026,64-65°F,62810489818682335204983398159950160410938218041197164995299897912627912761764,0.03,143.59,0.06,18.25,2026-09-29T06:01:40.910020+00:00
Denver,highest,J+0,2026-09-29,highest-temperature-in-denver-on-september-29-2026,66-67°F,104853803890037563962192007086210534545337084888495236919120251689192331836577,0.04,4.9,0.06,499.99,2026-09-29T06:01:40.910020+00:00
Denver,highest,J+0,2026-09-29,highest-temperature-in-denver-on-september-29-2026,68-69°F,50861109980062861089059945824912811091146463559004208422878389173641458010198,0.26,5,0.28,80.07,2026-09-29T06:01:40.910020+00:00
Denver,highest,J+0,2026-09-29,highest-temperature-in-denver-on-september-29-2026,70-71°F,25075234036350892746654935148119883701740728406791658137183887423289047592767,0.35,256,0.38,350.18,2026-09-29T06:01:40.910020+00:00
Denver,highest,J+0,2026-09-29,highest-temperature-in-denver-on-september-29-2026,72-73°F,106657871910959979138235112875590113075289959594005991236707522814754568084406,0.21,162.41,0.24,6.6,2026-09-29T06:01:40.910020+00:00
Denver,highest,J+0,2026-09-29,highest-temperature-in-denver-on-september-29-2026,74°F or higher,35453327800302531195288456293006474063096847079871179182739109348819724253432,0.025,32.05,0.059,11.14,2026-09-29T06:01:40.910020+00:00
Denver,highest,J+1,2026-09-30,highest-temperature-in-denver-on-september-30-2026,53°F or below,75512842071476731542531618653051252954991950982633252883685448700127536052014,0.001,99.98,0.019,50.01,2026-09-29T06:01:43.171312+00:00
Denver,highest,J+1,2026-09-30,highest-temperature-in-denver-on-september-30-2026,54-55°F,65259180016814436884360423567946272042684845529810677540288796110671049860032,0.004,14.88,0.025,47.66,2026-09-29T06:01:43.171312+00:00
Denver,highest,J+1,2026-09-30,highest-temperature-in-denver-on-september-30-2026,56-57°F,99430543165432659054662009851597122862260823580340304025678566398576557157400,0.039,5,0.077,5.86,2026-09-29T06:01:43.171312+00:00
Denver,highest,J+1,2026-09-30,highest-temperature-in-denver-on-september-30-2026,58-59°F,43175501845465298568142926762023977052925157684290359284305473355605003888713,0.23,199,0.25,14,2026-09-29T06:01:43.171312+00:00
Denver,highest,J+1,2026-09-30,highest-temperature-in-denver-on-september-30-2026,60-61°F,93100104124352086655696267346550183915185336843118754939089100466166882411340,0.35,85.8,0.38,118.06,2026-09-29T06:01:43.171312+00:00
Denver,highest,J+1,2026-09-30,highest-temperature-in-denver-on-september-30-2026,62-63°F,107093061202890966384681076500972126339337741680218737210760219872593205536313,0.21,16.08,0.24,153.1,2026-09-29T06:01:43.171312+00:00
Denver,highest,J+1,2026-09-30,highest-temperature-in-denver-on-september-30-2026,64-65°F,35717925179983137569079033296591649340554627380161093695560019077654912316707,0.05,14.19,0.09,77.73,2026-09-29T06:01:43.171312+00:00
Denver,highest,J+1,2026-09-30,highest-temperature-in-denver-on-september-30-2026,66-67°F,32724763054230385160430536408166522551707965481781638345994975629857180456925,0.019,10,0.058,10,2026-09-29T06:01:43.171312+00:00
Denver,highest,J+1,2026-09-30,highest-temperature-in-denver-on-september-30-2026,68-69°F,21752366552695337309885775824343723169128088406695278854465023829996896179730,0.017,40,0.018,63.4,2026-09-29T06:01:43.171312+00:00
Denver,highest,J+1,2026-09-30,highest-temperature-in-denver-on-september-30-2026,70-71°F,86588881722571373927417693408878875215758955332106264657502285659337990134919,,,0.001,64.5,2026-09-29T06:01:43.171312+00:00
Denver,highest,J+1,2026-09-30,highest-temperature-in-denver-on-september-30-2026,72°F or higher,107722189666052769846724025699822908918620739550766003313233456924895999945220,0.001,824,0.002,80,2026-09-29T06:01:43.171312+00:00
Denver,lowest,J+0,2026-09-29,lowest-temperature-in-denver-on-september-29-2026,47°F or below,34313246921261601283039500674262013231476122231462635081378941428182867220782,,,,,2026-09-29T06:01:45.950849+00:00
Denver,lowest,J+0,2026-09-29,lowest-temperature-in-denver-on-september-29-2026,48-49°F,23663621706876071637826124268830843723724954460614185811642168176728728694130,,,0.18,9.75,2026-09-29T06:01:45.950849+00:00
Denver,lowest,J+0,2026-09-29,lowest-temperature-in-denver-on-september-29-2026,50-51°F,84224978479563852878944093310204032564534673234142131858632519129191373018119,,,0.4,5,2026-09-29T06:01:45.950849+00:00
Denver,lowest,J+0,2026-09-29,lowest-temperature-in-denver-on-september-29-2026,52-53°F,52098057918295385490474480149797250713757640404971887215956939204511650537790,,,0.4,5,2026-09-29T06:01:45.950849+00:00
Denver,lowest,J+0,2026-09-29,lowest-temperature-in-denver-on-september-29-2026,54-55°F,112165090860244312838476356504307816169968971360329290538232462689186833689759,0.03,36,0.4,5,2026-09-29T06:01:45.950849+00:00
Denver,lowest,J+0,2026-09-29,lowest-temperature-in-denver-on-september-29-2026,56-57°F,15709564103232785635455999149346335802198592923570767968664259090869854773881,0.02,5,0.4,2.5,2026-09-29T06:01:45.950849+00:00
Denver,lowest,J+0,2026-09-29,lowest-temperature-in-denver-on-september-29-2026,58-59°F,36066935778905443834995484724217798337327273970912594378899943152238115674201,0.02,5,0.4,5,2026-09-29T06:01:45.950849+00:00
Denver,lowest,J+0,2026-09-29,lowest-temperature-in-denver-on-september-29-2026,60-61°F,8132558455050828794569751701197010197495265373441743445521065594231955717686,,,0.4,5,2026-09-29T06:01:45.950849+00:00
Denver,lowest,J+0,2026-09-29,lowest-temperature-in-denver-on-september-29-2026,62-63°F,44190398374973249830583808049651508842343781564610288000805701100319908675758,,,0.18,9.75,2026-09-29T06:01:45.950849+00:00
Denver,lowest,J+0,2026-09-29,lowest-temperature-in-denver-on-september-29-2026,64-65°F,94781568819064723423509888612417594146928209588240921771989094395100432100464,,,0.17,66,2026-09-29T06:01:45.950849+00:00
Denver,lowest,J+0,2026-09-29,lowest-temperature-in-denver-on-september-29-2026,66°F or higher,67345366985057991567659747147396340806010523488725067420190372160558589363365,,,0.98,50,2026-09-29T06:01:45.950849+00:00
Denver,lowest,J+1,2026-09-30,lowest-temperature-in-denver-on-september-30-2026,47°F or below,17587302490593229572868686257290018720895487807667845041777538763317471970761,,,0.93,52.03,2026-09-29T06:01:48.301332+00:00
Denver,lowest,J+1,2026-09-30,lowest-temperature-in-denver-on-september-30-2026,48-49°F,86040793855122336309485549831871106487604121142296721449442562638745107042839,0.04,27.66,0.4,5,2026-09-29T06:01:48.301332+00:00
Denver,lowest,J+1,2026-09-30,lowest-temperature-in-denver-on-september-30-2026,50-51°F,50786591179859432501629891629028960191158450883610456895628040782876619833240,0.03,36,0.4,5,2026-09-29T06:01:48.301332+00:00
Denver,lowest,J+1,2026-09-30,lowest-temperature-in-denver-on-september-30-2026,52-53°F,55249297154075489209813022031876231359414667974277848576392069745156786321754,0.03,36,0.4,5,2026-09-29T06:01:48.301332+00:00
Denver,lowest,J+1,2026-09-30,lowest-temperature-in-denver-on-september-30-2026,54-55°F,72883687598215959810088263678308918643725170209824414610580607027378676076784,,,0.4,5,2026-09-29T06:01:48.301332+00:00
Denver,lowest,J+1,2026-09-30,lowest-temperature-in-denver-on-september-30-2026,56-57°F,39204288886957743519061439892658598409638240147103854764376417830408866606374,,,0.4,5,2026-09-29T06:01:48.301332+00:00
Denver,lowest,J+1,2026-09-30,lowest-temperature-in-denver-on-september-30-2026,58-59°F,79566234022109173524929724322234174424577699440551033585867799401414436060023,,,0.4,5,2026-09-29T06:01:48.301332+00:00
Denver,lowest,J+1,2026-09-30,lowest-temperature-in-denver-on-september-30-2026,60-61°F,114764572884916711002777887488642949589882506730931941078236155833896705147529,,,0.4,5,2026-09-29T06:01:48.301332+00:00
Denver,lowest,J+1,2026-09-30,lowest-temperature-in-denver-on-september-30-2026,62-63°F,106885468058493965516319605354597613359045725387457918349205795940492286838909,,,0.4,5,2026-09-29T06:01:48.301332+00:00
Denver,lowest,J+1,2026-09-30,lowest-temperature-in-denver-on-september-30-2026,64-65°F,19274466676911811258875715714327969047478245457283139799890273166727676556020,,,0.4,5,2026-09-29T06:01:48.301332+00:00
Denver,lowest,J+1,2026-09-30,lowest-temperature-in-denver-on-september-30-2026,66°F or higher,90298417997421544344967147476510704672426520982543985021425216747590904756421,,,0.92,32.75,2026-09-29T06:01:48.301332+00:00
Chicago,highest,J+0,2026-09-29,highest-temperature-in-chicago-on-september-29-2026,65°F or below,108907555935075475839556151276399893746222244318988058422377377667485259218897,,,0.001,382.5,2026-09-29T06:01:50.527392+00:00
Chicago,highest,J+0,2026-09-29,highest-temperature-in-chicago-on-september-29-2026,66-67°F,111389090854058329792081571832545259086385639060043214316805318776154718356920,,,0.001,427.9,2026-09-29T06:01:50.527392+00:00
Chicago,highest,J+0,2026-09-29,highest-temperature-in-chicago-on-september-29-2026,68-69°F,19980158164232388027487948599871348791636418659354367092750799987493268456189,,,0.004,501.51,2026-09-29T06:01:50.527392+00:00
Chicago,highest,J+0,2026-09-29,highest-temperature-in-chicago-on-september-29-2026,70-71°F,94569606594985115083671341304779032852180595718439246521572474535912415949177,0.004,10,0.039,5,2026-09-29T06:01:50.527392+00:00
Chicago,highest,J+0,2026-09-29,highest-temperature-in-chicago-on-september-29-2026,72-73°F,45620505222652669623671375345053618261367968451681512709310561511613232529144,0.01,15,0.02,5.61,2026-09-29T06:01:50.527392+00:00
Chicago,highest,J+0,2026-09-29,highest-temperature-in-chicago-on-september-29-2026,74-75°F,66183792386072392523536880694032104733433842795416388494126477956692160792722,0.17,0.48,0.18,17.5,2026-09-29T06:01:50.527392+00:00
Chicago,highest,J+0,2026-09-29,highest-temperature-in-chicago-on-september-29-2026,76-77°F,24467303853839604992327011894583640508375547119025001530575023498260153104645,0.57,39.35,0.6,12.98,2026-09-29T06:01:50.527392+00:00
Chicago,highest,J+0,2026-09-29,highest-temperature-in-chicago-on-september-29-2026,78-79°F,27632045328632651723009323870742218427603398067811684251779421464323699713892,0.25,38.79,0.27,6.34,2026-09-29T06:01:50.527392+00:00
Chicago,highest,J+0,2026-09-29,highest-temperature-in-chicago-on-september-29-2026,80-81°F,848583834894221231634969368964612479380909459373582185110372493917334724930,0.005,200,0.009,13.81,2026-09-29T06:01:50.527392+00:00
Chicago,highest,J+0,2026-09-29,highest-temperature-in-chicago-on-september-29-2026,82-83°F,86705752066019631714652721113966982745359150297362265765194199152548918970760,,,0.003,866.63,2026-09-29T06:01:50.527392+00:00
Chicago,highest,J+0,2026-09-29,highest-temperature-in-chicago-on-september-29-2026,84°F or higher,9060909682770680679797945421534663902222564632215555681559913324886240180322,,,0.001,596.68,2026-09-29T06:01:50.527392+00:00
Chicago,highest,J+1,2026-09-30,highest-temperature-in-chicago-on-september-30-2026,65°F or below,12001806204464428293613363421385558400355477610348430322331087167518124981862,0.04,10,0.073,10.32,2026-09-29T06:01:52.788572+00:00
Chicago,highest,J+1,2026-09-30,highest-temperature-in-chicago-on-september-30-2026,66-67°F,27346678853909218860067715287731108307669688594105048505834586674811030317663,0.151,35.01,0.184,57.28,2026-09-29T06:01:52.788572+00:00
Chicago,highest,J+1,2026-09-30,highest-temperature-in-chicago-on-september-30-2026,68-69°F,96537100208398286170847676308886915859999785242959005504211790396208685941462,0.37,211.18,0.4,267.28,2026-09-29T06:01:52.788572+00:00
Chicago,highest,J+1,2026-09-30,highest-temperature-in-chicago-on-september-30-2026,70-71°F,47461488126616301525714059450742942498873844630188085869322207929387517470392,0.27,793.71,0.31,485.91,2026-09-29T06:01:52.788572+00:00
Chicago,highest,J+1,2026-09-30,highest-temperature-in-chicago-on-september-30-2026,72-73°F,112717125213044189618294422939423216390105979513066034418984863773581362239349,0.06,880.71,0.09,24.05,2026-09-29T06:01:52.788572+00:00
Chicago,highest,J+1,2026-09-30,highest-temperature-in-chicago-on-september-30-2026,74-75°F,33384720458575115527441660066904986226093585835835482059800705852570764493754,0.021,60.5,0.025,36.87,2026-09-29T06:01:52.788572+00:00
Chicago,highest,J+1,2026-09-30,highest-temperature-in-chicago-on-september-30-2026,76-77°F,3940086610208534176504368212409621405213303133555998480180427892952640809243,0.01,12,0.015,63.87,2026-09-29T06:01:52.788572+00:00
Chicago,highest,J+1,2026-09-30,highest-temperature-in-chicago-on-september-30-2026,78-79°F,66362146897652806134866331745383779689522174797370775173179624999381058523899,0.001,234.96,0.009,55,2026-09-29T06:01:52.788572+00:00
Chicago,highest,J+1,2026-09-30,highest-temperature-in-chicago-on-september-30-2026,80-81°F,33601999196559227617565939725603007278669391012158901460967637427806610170837,0.001,35,0.009,70,2026-09-29T06:01:52.788572+00:00
Chicago,highest,J+1,2026-09-30,highest-temperature-in-chicago-on-september-30-2026,82-83°F,13645140212173723422350519353810004652112544711742474608965407258808098996981,,,0.001,180,2026-09-29T06:01:52.788572+00:00
Chicago,highest,J+1,2026-09-30,highest-temperature-in-chicago-on-september-30-2026,84°F or higher,95122986354877370335344335563605477702446082448458032334311474112022336546985,,,0.001,130.01,2026-09-29T06:01:52.788572+00:00
Chicago,lowest,J+0,2026-09-29,lowest-temperature-in-chicago-on-september-29-2026,45°F or below,47587592160919922553914555989117092561975787544374038802365737717869969192398,,,,,2026-09-29T06:01:55.086192+00:00
Chicago,lowest,J+0,2026-09-29,lowest-temperature-in-chicago-on-september-29-2026,46-47°F,50821453271733554532060185409622321038915692297189891883541827991757782579740,0.001,9.96,0.029,20,2026-09-29T06:01:55.086192+00:00
Chicago,lowest,J+0,2026-09-29,lowest-temperature-in-chicago-on-september-29-2026,48-49°F,75624856798918442565786049277089472195068482039669291829694825879736932884015,,,0.4,5,2026-09-29T06:01:55.086192+00:00
Chicago,lowest,J+0,2026-09-29,lowest-temperature-in-chicago-on-september-29-2026,50-51°F,41886726156324500798977895024758306423050152002613929200981713701475337311490,0.02,5,0.4,5,2026-09-29T06:01:55.086192+00:00
Chicago,lowest,J+0,2026-09-29,lowest-temperature-in-chicago-on-september-29-2026,52-53°F,45048479065203626222633803492200324934615111844133616877372948886207479943017,0.06,49.98,0.52,13.48,2026-09-29T06:01:55.086192+00:00
Chicago,lowest,J+0,2026-09-29,lowest-temperature-in-chicago-on-september-29-2026,54-55°F,7226359015893607864638158795981777641524727270179676003527712540593347917027,0.06,10,0.57,0.59,2026-09-29T06:01:55.086192+00:00
Chicago,lowest,J+0,2026-09-29,lowest-temperature-in-chicago-on-september-29-2026,56-57°F,7159786357302968459322905802821642815353636925136502530954434114865335544609,,,0.4,5,2026-09-29T06:01:55.086192+00:00
Chicago,lowest,J+0,2026-09-29,lowest-temperature-in-chicago-on-september-29-2026,58-59°F,113644689742406877172958655278237538977503052548950690360546479903002683261283,,,0.001,540,2026-09-29T06:01:55.086192+00:00
Chicago,lowest,J+0,2026-09-29,lowest-temperature-in-chicago-on-september-29-2026,60-61°F,18052312025473401619967005698595617001777406106776117014715548411213608822059,,,0.001,555,2026-09-29T06:01:55.086192+00:00
Chicago,lowest,J+0,2026-09-29,lowest-temperature-in-chicago-on-september-29-2026,62-63°F,12290974338280870633220565466239234592935106131751783033244910387007318149802,,,0.001,555,2026-09-29T06:01:55.086192+00:00
Chicago,lowest,J+0,2026-09-29,lowest-temperature-in-chicago-on-september-29-2026,64°F or higher,107654137588026839611118509936099498565511665337997230935780825501114406735052,,,0.001,565,2026-09-29T06:01:55.086192+00:00
Chicago,lowest,J+1,2026-09-30,lowest-temperature-in-chicago-on-september-30-2026,55°F or below,50905659577752399695809700404592500643354405763892192993031136291941095638426,,,0.59,20,2026-09-29T06:01:57.459493+00:00
Chicago,lowest,J+1,2026-09-30,lowest-temperature-in-chicago-on-september-30-2026,56-57°F,99558040238888834744337828531352877551107469552030632547488160273858162278903,,,0.16,60,2026-09-29T06:01:57.459493+00:00
Chicago,lowest,J+1,2026-09-30,lowest-temperature-in-chicago-on-september-30-2026,58-59°F,83649437192491788546321201425715988326035921906606473399975788857907833287189,0.03,36,0.4,5,2026-09-29T06:01:57.459493+00:00
Chicago,lowest,J+1,2026-09-30,lowest-temperature-in-chicago-on-september-30-2026,60-61°F,1467694081403834506633346862628434324768036433743716735303078050441719354398,0.03,36,0.4,5,2026-09-29T06:01:57.459493+00:00
Chicago,lowest,J+1,2026-09-30,lowest-temperature-in-chicago-on-september-30-2026,62-63°F,72025488535506821537195159473389975938808477619272264824512470209674582220877,0.3,53,0.48,1.76,2026-09-29T06:01:57.459493+00:00
Chicago,lowest,J+1,2026-09-30,lowest-temperature-in-chicago-on-september-30-2026,64-65°F,24252983268773260494441034950580977142337637984295191494405095255339744297888,0.08,660,0.48,12.76,2026-09-29T06:01:57.459493+00:00
Chicago,lowest,J+1,2026-09-30,lowest-temperature-in-chicago-on-september-30-2026,66-67°F,53658480486081410112137400608572244454610980661949978304501477636766992893097,,,0.4,5,2026-09-29T06:01:57.459493+00:00
Chicago,lowest,J+1,2026-09-30,lowest-temperature-in-chicago-on-september-30-2026,68-69°F,59995467607576340448404347081127021651247320823490629179945637187185703300219,,,0.4,5,2026-09-29T06:01:57.459493+00:00
Chicago,lowest,J+1,2026-09-30,lowest-temperature-in-chicago-on-september-30-2026,70-71°F,14707304858955758830370777328401506544337400246403412805477659537145058584171,,,0.4,5,2026-09-29T06:01:57.459493+00:00
Chicago,lowest,J+1,2026-09-30,lowest-temperature-in-chicago-on-september-30-2026,72-73°F,63079478987425065879160478887915610286588178515677876015771314496762267398626,,,0.15,64,2026-09-29T06:01:57.459493+00:00
Chicago,lowest,J+1,2026-09-30,lowest-temperature-in-chicago-on-september-30-2026,74°F or higher,92403002935613186618177299762169725518203836848268640190726875533200327756412,,,0.59,91.78,2026-09-29T06:01:57.459493+00:00
Houston,highest,J+0,2026-09-29,highest-temperature-in-houston-on-september-29-2026,81°F or below,97878904192625489248954858556371116065672682995327625093362035566706465959709,0.001,112.57,0.002,99.85,2026-09-29T06:01:59.846910+00:00
Houston,highest,J+0,2026-09-29,highest-temperature-in-houston-on-september-29-2026,82-83°F,3574829573501166042982823068553980255091811521468328751703192923681031911283,,,0.001,134.08,2026-09-29T06:01:59.846910+00:00
Houston,highest,J+0,2026-09-29,highest-temperature-in-houston-on-september-29-2026,84-85°F,81287783727061575137847771121240069574254341872063526876963767191598727244454,0.001,5.97,0.003,268.77,2026-09-29T06:01:59.846910+00:00
Houston,highest,J+0,2026-09-29,highest-temperature-in-houston-on-september-29-2026,86-87°F,97369116549555056307150741003462707427016177097468523745137462864815598885456,0.003,666.66,0.012,30.52,2026-09-29T06:01:59.846910+00:00
Houston,highest,J+0,2026-09-29,highest-temperature-in-houston-on-september-29-2026,88-89°F,93016985214247728988318503660532734822734815500435528748684180868861336153799,0.11,6,0.12,86.63,2026-09-29T06:01:59.846910+00:00
Houston,highest,J+0,2026-09-29,highest-temperature-in-houston-on-september-29-2026,90-91°F,97474188326583062579127099675979523000777727698991394842702404046578702958789,0.63,0.25,0.65,15.95,2026-09-29T06:01:59.846910+00:00
Houston,highest,J+0,2026-09-29,highest-temperature-in-houston-on-september-29-2026,92-93°F,18257679799800365315236939570127585276892011465821423411433817045595661238859,0.23,37.35,0.26,320.2,2026-09-29T06:01:59.846910+00:00
Houston,highest,J+0,2026-09-29,highest-temperature-in-houston-on-september-29-2026,94-95°F,31693868581766419723159704836205365003578644654995467162374654910565896924141,0.03,27,0.031,25,2026-09-29T06:01:59.846910+00:00
Houston,highest,J+0,2026-09-29,highest-temperature-in-houston-on-september-29-2026,96-97°F,10642151730638708811087065471294297726103215589268158940147955641343787350311,0.002,230.1,0.004,47.69,2026-09-29T06:01:59.846910+00:00
Houston,highest,J+0,2026-09-29,highest-temperature-in-houston-on-september-29-2026,98-99°F,77944952939997614012683044548143173461637677907246108867392559542795492072932,0.001,24.74,0.002,318.08,2026-09-29T06:01:59.846910+00:00
Houston,highest,J+0,2026-09-29,highest-temperature-in-houston-on-september-29-2026,100°F or higher,92878124775011676250726398785855144045465484142993502420264563711582487259929,,,0.001,4755.92,2026-09-29T06:01:59.846910+00:00
Houston,highest,J+1,2026-09-30,highest-temperature-in-houston-on-september-30-2026,81°F or below,107103260232619977822857310595644144669205028018423730968851579690950162073169,0.002,70,0.003,306.71,2026-09-29T06:02:02.250882+00:00
Houston,highest,J+1,2026-09-30,highest-temperature-in-houston-on-september-30-2026,82-83°F,55618045962066256968522045149791864492401642012344780158861490772370293853167,,,0.002,80,2026-09-29T06:02:02.250882+00:00
Houston,highest,J+1,2026-09-30,highest-temperature-in-houston-on-september-30-2026,84-85°F,39656055972992421118070506761947449992221232993541017077131100412591925096891,0.002,40.16,0.006,20,2026-09-29T06:02:02.250882+00:00
Houston,highest,J+1,2026-09-30,highest-temperature-in-houston-on-september-30-2026,86-87°F,96690026924421589543798723254411594277393666827684092413373939756757209363453,0.02,6,0.089,5,2026-09-29T06:02:02.250882+00:00
Houston,highest,J+1,2026-09-30,highest-temperature-in-houston-on-september-30-2026,88-89°F,84958830889463412919063271392833880632436948249066527482987656529910385782500,0.056,5,0.084,5,2026-09-29T06:02:02.250882+00:00
Houston,highest,J+1,2026-09-30,highest-temperature-in-houston-on-september-30-2026,90-91°F,107110757632162215686938370405251760492150307302750801871471428391356448671948,0.4,307.59,0.42,198.29,2026-09-29T06:02:02.250882+00:00
Houston,highest,J+1,2026-09-30,highest-temperature-in-houston-on-september-30-2026,92-93°F,8118939825939928379509311217838785449581984475170116552676489695892655322725,0.39,195.02,0.41,190,2026-09-29T06:02:02.250882+00:00
Houston,highest,J+1,2026-09-30,highest-temperature-in-houston-on-september-30-2026,94-95°F,32537851494514974958685204361559300753509125518187567181596600008150080729596,0.06,11,0.1,10,2026-09-29T06:02:02.250882+00:00
Houston,highest,J+1,2026-09-30,highest-temperature-in-houston-on-september-30-2026,96-97°F,114882387138007452174554511524607193698616843269921865028059382478233142863079,0.008,50,0.023,35.01,2026-09-29T06:02:02.250882+00:00
Houston,highest,J+1,2026-09-30,highest-temperature-in-houston-on-september-30-2026,98-99°F,47908532232513083510575146953866314398915153643291855270010992701057585080920,0.002,175.1,0.005,40,2026-09-29T06:02:02.250882+00:00
Houston,highest,J+1,2026-09-30,highest-temperature-in-houston-on-september-30-2026,100°F or higher,82934074989893286541300242862708781084568460158239087043066703142408480688919,,,0.001,185,2026-09-29T06:02:02.250882+00:00
Houston,lowest,J+0,2026-09-29,lowest-temperature-in-houston-on-september-29-2026,69°F or below,110565085803174768621949579372267705246628177542504411859677453934400519357334,,,0.99,200,2026-09-29T06:02:04.522275+00:00
Houston,lowest,J+0,2026-09-29,lowest-temperature-in-houston-on-september-29-2026,70-71°F,66752368896880101490238118831362981710717574162362746024803433329513452610260,,,0.4,5,2026-09-29T06:02:04.522275+00:00
Houston,lowest,J+0,2026-09-29,lowest-temperature-in-houston-on-september-29-2026,72-73°F,97419085630224146549659123657413685316862316181784862811750167320468261617272,,,0.4,5,2026-09-29T06:02:04.522275+00:00
Houston,lowest,J+0,2026-09-29,lowest-temperature-in-houston-on-september-29-2026,74-75°F,20326062828676347607689833210557824792625284874400459165359367489971123967297,0.02,35,0.47,30,2026-09-29T06:02:04.522275+00:00
Houston,lowest,J+0,2026-09-29,lowest-temperature-in-houston-on-september-29-2026,76-77°F,19964699250842868135473560979498845759940130473995947762437914453865292681901,0.11,50,0.62,5.26,2026-09-29T06:02:04.522275+00:00
Houston,lowest,J+0,2026-09-29,lowest-temperature-in-houston-on-september-29-2026,78-79°F,114928147659319727455116657793605597217816574723696057175143332429188293740371,0.03,36,0.44,2.73,2026-09-29T06:02:04.522275+00:00
Houston,lowest,J+0,2026-09-29,lowest-temperature-in-houston-on-september-29-2026,80-81°F,80614498977746317156670260077770909045717452301205674801239049068557149364959,,,0.001,640,2026-09-29T06:02:04.522275+00:00
Houston,lowest,J+0,2026-09-29,lowest-temperature-in-houston-on-september-29-2026,82-83°F,24902274815150775837148092346757324943306019174888586208439013876114545525848,,,0.001,555,2026-09-29T06:02:04.522275+00:00
Houston,lowest,J+0,2026-09-29,lowest-temperature-in-houston-on-september-29-2026,84-85°F,56143597266644750858090978654090335104530835591656089131217017642071229388151,,,0.001,555,2026-09-29T06:02:04.522275+00:00
Houston,lowest,J+0,2026-09-29,lowest-temperature-in-houston-on-september-29-2026,86-87°F,84957291637713273061542106259810475774079707651521349426067612514466988972225,,,0.001,555,2026-09-29T06:02:04.522275+00:00
Houston,lowest,J+0,2026-09-29,lowest-temperature-in-houston-on-september-29-2026,88°F or higher,48219026173246282043028955834729916945824287863821806837845206879180534256890,,,0.001,555,2026-09-29T06:02:04.522275+00:00
Houston,lowest,J+1,2026-09-30,lowest-temperature-in-houston-on-september-30-2026,71°F or below,89616623429823838407312630003898965474064494984717159433637829182011673176160,,,0.42,33,2026-09-29T06:02:06.909815+00:00
Houston,lowest,J+1,2026-09-30,lowest-temperature-in-houston-on-september-30-2026,72-73°F,79225509054413623603399608316118534199477196448511511888432112917703875873672,0.001,139.74,0.01,311.04,2026-09-29T06:02:06.909815+00:00
Houston,lowest,J+1,2026-09-30,lowest-temperature-in-houston-on-september-30-2026,74-75°F,11952095359440448880327404970821084909139879272652360760603315766763694984211,,,0.37,10,2026-09-29T06:02:06.909815+00:00
Houston,lowest,J+1,2026-09-30,lowest-temperature-in-houston-on-september-30-2026,76-77°F,49824020763657310862612397981771682177306895030590096201847425191153020900576,0.03,36,0.35,5,2026-09-29T06:02:06.909815+00:00
Houston,lowest,J+1,2026-09-30,lowest-temperature-in-houston-on-september-30-2026,78-79°F,53086150875065485379853564606147389616965957835229746124869208652196670098446,0.46,15.75,0.51,3.27,2026-09-29T06:02:06.909815+00:00
Houston,lowest,J+1,2026-09-30,lowest-temperature-in-houston-on-september-30-2026,80-81°F,2510767588334079030560413209896234885309080448765778691994911578248429717029,0.29,10,0.51,30,2026-09-29T06:02:06.909815+00:00
Houston,lowest,J+1,2026-09-30,lowest-temperature-in-houston-on-september-30-2026,82-83°F,14514065077140367153323011657189834121376358935009538887403346615736341958789,,,0.34,10,2026-09-29T06:02:06.909815+00:00
Houston,lowest,J+1,2026-09-30,lowest-temperature-in-houston-on-september-30-2026,84-85°F,59721551831549893550822841075891127278810528902207900060562849709664267255349,,,0.32,20.03,2026-09-29T06:02:06.909815+00:00
Houston,lowest,J+1,2026-09-30,lowest-temperature-in-houston-on-september-30-2026,86-87°F,79766464224762423972555000220467962057414967908106199367942198479798509016196,,,0.14,9.35,2026-09-29T06:02:06.909815+00:00
Houston,lowest,J+1,2026-09-30,lowest-temperature-in-houston-on-september-30-2026,88-89°F,43922232337799957643326156841495810918316929621354559253869267508999670739856,,,0.14,9.3,2026-09-29T06:02:06.909815+00:00
Houston,lowest,J+1,2026-09-30,lowest-temperature-in-houston-on-september-30-2026,90°F or higher,58428938438281372844559231951846240253232884412543029013258171009968477883111,,,0.12,15,2026-09-29T06:02:06.909815+00:00
Seattle,highest,J+0,2026-09-29,highest-temperature-in-seattle-on-september-29-2026,53°F or below,21533559669385571179376975515896988323230995735299627570694274714521053607714,0.002,93.52,0.003,582.39,2026-09-29T06:02:09.185152+00:00
Seattle,highest,J+0,2026-09-29,highest-temperature-in-seattle-on-september-29-2026,54-55°F,98248816975917061743448547695362117264549665601343441481918142754869138814157,,,0.002,228.11,2026-09-29T06:02:09.185152+00:00
Seattle,highest,J+0,2026-09-29,highest-temperature-in-seattle-on-september-29-2026,56-57°F,68420447027597697157281274776566684568714855538258673184230329940119498524312,0.005,20,0.029,10,2026-09-29T06:02:09.185152+00:00
Seattle,highest,J+0,2026-09-29,highest-temperature-in-seattle-on-september-29-2026,58-59°F,108402063719923266392954875480963877528375617348620622466206515447225801652063,0.06,111.03,0.08,14.99,2026-09-29T06:02:09.185152+00:00
Seattle,highest,J+0,2026-09-29,highest-temperature-in-seattle-on-september-29-2026,60-61°F,89685785218528355097667252445262044971639823220057039718383231314371746700567,0.3,44,0.31,1.94,2026-09-29T06:02:09.185152+00:00
Seattle,highest,J+0,2026-09-29,highest-temperature-in-seattle-on-september-29-2026,62-63°F,12195593146511312210847127359495586035941981690990352648654281012803125329707,0.48,165.1,0.5,297.33,2026-09-29T06:02:09.185152+00:00
Seattle,highest,J+0,2026-09-29,highest-temperature-in-seattle-on-september-29-2026,64-65°F,46836870533499179315080226531564754022640508802173253970727010974708137194680,0.14,55.1,0.17,237,2026-09-29T06:02:09.185152+00:00
Seattle,highest,J+0,2026-09-29,highest-temperature-in-seattle-on-september-29-2026,66-67°F,22601396542760529228571454117394880289243898358629332906115533907509511345378,0.011,10,0.03,113.62,2026-09-29T06:02:09.185152+00:00
Seattle,highest,J+0,2026-09-29,highest-temperature-in-seattle-on-september-29-2026,68-69°F,102722185978729026091616557682569268246581116759216139001331852130603720874268,,,0.002,186.86,2026-09-29T06:02:09.185152+00:00
Seattle,highest,J+0,2026-09-29,highest-temperature-in-seattle-on-september-29-2026,70-71°F,36503054464225094635212424746435667350486055695457886699009378040247137961443,,,0.001,308.84,2026-09-29T06:02:09.185152+00:00
Seattle,highest,J+0,2026-09-29,highest-temperature-in-seattle-on-september-29-2026,72°F or higher,77585829408254009621284924416389989492512309370146471355859909092900801133678,,,0.001,362.84,2026-09-29T06:02:09.185152+00:00
Seattle,highest,J+1,2026-09-30,highest-temperature-in-seattle-on-september-30-2026,55°F or below,50443204346652020646453527381557517267955697037350559605403958190593722992004,0.002,100,0.009,84.94,2026-09-29T06:02:11.428113+00:00
Seattle,highest,J+1,2026-09-30,highest-temperature-in-seattle-on-september-30-2026,56-57°F,100602589298280966859418608410437811504357597059429226427892965988512561065311,0.005,80,0.019,84.94,2026-09-29T06:02:11.428113+00:00
Seattle,highest,J+1,2026-09-30,highest-temperature-in-seattle-on-september-30-2026,58-59°F,60966865180039198221050928973486414830190976283585953494870832093371148562682,0.001,125,0.004,42.17,2026-09-29T06:02:11.428113+00:00
Seattle,highest,J+1,2026-09-30,highest-temperature-in-seattle-on-september-30-2026,60-61°F,109831890280685478130480953950445454467244869497907461036751790295444755164377,0.02,1272.01,0.039,5,2026-09-29T06:02:11.428113+00:00
Seattle,highest,J+1,2026-09-30,highest-temperature-in-seattle-on-september-30-2026,62-63°F,68475629277167838851719929108928595458187516263218944948956445301704213096362,0.18,914.6,0.19,59.99,2026-09-29T06:02:11.428113+00:00
Seattle,highest,J+1,2026-09-30,highest-temperature-in-seattle-on-september-30-2026,64-65°F,109405732167247166657379226263104974184736204521161206231928387889812818492930,0.52,271.85,0.54,423.29,2026-09-29T06:02:11.428113+00:00
Seattle,highest,J+1,2026-09-30,highest-temperature-in-seattle-on-september-30-2026,66-67°F,111467687478386885354498225402778530949507194849279323855770191570394796842682,0.26,90,0.27,80.46,2026-09-29T06:02:11.428113+00:00
Seattle,highest,J+1,2026-09-30,highest-temperature-in-seattle-on-september-30-2026,68-69°F,51036735721915665329255746621599265979737892926212365829794221921802553624110,0.015,32.92,0.042,5,2026-09-29T06:02:11.428113+00:00
Seattle,highest,J+1,2026-09-30,highest-temperature-in-seattle-on-september-30-2026,70-71°F,99228107542325977204511900493246052031402586666693978119068166764276510274475,0.001,30,0.004,44.91,2026-09-29T06:02:11.428113+00:00
Seattle,highest,J+1,2026-09-30,highest-temperature-in-seattle-on-september-30-2026,72-73°F,44061629509341903177538488954010219948649299470788668177735971263840160338221,,,0.009,114.14,2026-09-29T06:02:11.428113+00:00
Seattle,highest,J+1,2026-09-30,highest-temperature-in-seattle-on-september-30-2026,74°F or higher,87387497296059691788236648010054895546284951531710638927404434590669217495437,,,0.001,219.14,2026-09-29T06:02:11.428113+00:00
Seattle,lowest,J+0,2026-09-29,lowest-temperature-in-seattle-on-september-29-2026,47°F or below,12227993965031015700717450266390183202539732977870193862135817267390065488432,,,0.55,30,2026-09-29T06:02:13.754727+00:00
Seattle,lowest,J+0,2026-09-29,lowest-temperature-in-seattle-on-september-29-2026,48-49°F,104878715985508429744236334102487026635947755777903346117982366823424914580413,,,0.14,21,2026-09-29T06:02:13.754727+00:00
Seattle,lowest,J+0,2026-09-29,lowest-temperature-in-seattle-on-september-29-2026,50-51°F,54688415046838797042380881105088902359071358137209271594215250339135766738432,,,0.4,5,2026-09-29T06:02:13.754727+00:00
Seattle,lowest,J+0,2026-09-29,lowest-temperature-in-seattle-on-september-29-2026,52-53°F,83174221491048290422964868701966638602631447980729558057353227150135165525916,0.01,100,0.39,52.03,2026-09-29T06:02:13.754727+00:00
Seattle,lowest,J+0,2026-09-29,lowest-temperature-in-seattle-on-september-29-2026,54-55°F,83819619427673663341671718227504602310047399374039025807270859395730639520621,0.46,59,0.59,5.61,2026-09-29T06:02:13.754727+00:00
Seattle,lowest,J+0,2026-09-29,lowest-temperature-in-seattle-on-september-29-2026,56-57°F,30409252571097218520723332161718960875936164935826760115017657008989699637387,0.2,30,0.43,30,2026-09-29T06:02:13.754727+00:00
Seattle,lowest,J+0,2026-09-29,lowest-temperature-in-seattle-on-september-29-2026,58-59°F,88337534250003597979271919918449306651243722047288443993065973196159533143116,,,0.39,52.03,2026-09-29T06:02:13.754727+00:00
Seattle,lowest,J+0,2026-09-29,lowest-temperature-in-seattle-on-september-29-2026,60-61°F,1365948062266677510167051221500501908691649993613121549103357401547966993143,,,0.39,52.03,2026-09-29T06:02:13.754727+00:00
Seattle,lowest,J+0,2026-09-29,lowest-temperature-in-seattle-on-september-29-2026,62-63°F,59398507295003226401466483360425376786947684472817142017223655928831456682493,0.001,17.99,0.006,280,2026-09-29T06:02:13.754727+00:00
Seattle,lowest,J+0,2026-09-29,lowest-temperature-in-seattle-on-september-29-2026,64-65°F,20990281306321993384387322925528553873102621158696596340867624737818346258927,,,0.08,8.7,2026-09-29T06:02:13.754727+00:00
Seattle,lowest,J+0,2026-09-29,lowest-temperature-in-seattle-on-september-29-2026,66°F or higher,51259027980697632883608728537934965306085867735614186239758271094026482544800,,,0.51,10,2026-09-29T06:02:13.754727+00:00
Seattle,lowest,J+1,2026-09-30,lowest-temperature-in-seattle-on-september-30-2026,45°F or below,110062886687015765017274714618354997536341193818662907319874458644816401201959,,,0.89,190,2026-09-29T06:02:16.077356+00:00
Seattle,lowest,J+1,2026-09-30,lowest-temperature-in-seattle-on-september-30-2026,46-47°F,113624878311416138869437973802780349982276434165210492301996993567014240699916,,,0.4,5,2026-09-29T06:02:16.077356+00:00
Seattle,lowest,J+1,2026-09-30,lowest-temperature-in-seattle-on-september-30-2026,48-49°F,44499053217606728663044446415914198339543737512072801688234909909655602162319,,,0.4,5,2026-09-29T06:02:16.077356+00:00
Seattle,lowest,J+1,2026-09-30,lowest-temperature-in-seattle-on-september-30-2026,50-51°F,55805011144427996467280772424483648940678231003429383067942747021627175507942,0.4,20,0.48,5.76,2026-09-29T06:02:16.077356+00:00
Seattle,lowest,J+1,2026-09-30,lowest-temperature-in-seattle-on-september-30-2026,52-53°F,64345343124977393826601510334122826565294176141772686122218742057114818847371,0.01,5,0.44,2.73,2026-09-29T06:02:16.077356+00:00
Seattle,lowest,J+1,2026-09-30,lowest-temperature-in-seattle-on-september-30-2026,54-55°F,106715719903299503212204683211249602176955186141759179573495105700570497255143,,,0.4,5,2026-09-29T06:02:16.077356+00:00
Seattle,lowest,J+1,2026-09-30,lowest-temperature-in-seattle-on-september-30-2026,56-57°F,6486060354600680538076596996977588292876459068969128426074260436864526646851,,,0.4,5,2026-09-29T06:02:16.077356+00:00
Seattle,lowest,J+1,2026-09-30,lowest-temperature-in-seattle-on-september-30-2026,58-59°F,101724296881603674278758163014711479360339286139209036894573342464103379428543,,,0.4,5,2026-09-29T06:02:16.077356+00:00
Seattle,lowest,J+1,2026-09-30,lowest-temperature-in-seattle-on-september-30-2026,60-61°F,112397798816289341117232813072030480008022488484612287339214171263898055166091,,,0.4,5,2026-09-29T06:02:16.077356+00:00
Seattle,lowest,J+1,2026-09-30,lowest-temperature-in-seattle-on-september-30-2026,62-63°F,53300055858036262009735702625347389672592041893514869978895735783639592268214,,,0.4,5,2026-09-29T06:02:16.077356+00:00
Seattle,lowest,J+1,2026-09-30,lowest-temperature-in-seattle-on-september-30-2026,64°F or higher,31836937587433963240438966250492022082781887738327305117394667180773095830425,,,0.63,12.8,2026-09-29T06:02:16.077356+00:00
Atlanta,highest,J+0,2026-09-29,highest-temperature-in-atlanta-on-september-29-2026,73°F or below,23989554807342217811453723422116221535531666508691548362582147284022917524460,,,0.003,117.7,2026-09-29T06:02:18.353876+00:00
Atlanta,highest,J+0,2026-09-29,highest-temperature-in-atlanta-on-september-29-2026,74-75°F,102100772931006397943276566439276111892470870092445102123654303865278001401211,,,0.001,848.74,2026-09-29T06:02:18.353876+00:00
Atlanta,highest,J+0,2026-09-29,highest-temperature-in-atlanta-on-september-29-2026,76-77°F,90905053232820070547714734031181491134445286289392799650113042239640969609370,,,0.004,142.14,2026-09-29T06:02:18.353876+00:00
Atlanta,highest,J+0,2026-09-29,highest-temperature-in-atlanta-on-september-29-2026,78-79°F,93948934293150273284143101604748444759495456304048676643651786852376215877613,,,0.001,554.82,2026-09-29T06:02:18.353876+00:00
Atlanta,highest,J+0,2026-09-29,highest-temperature-in-atlanta-on-september-29-2026,80-81°F,57975344641301444886753796581337111588764902688239231429742976654384043954806,0.031,20.85,0.05,10,2026-09-29T06:02:18.353876+00:00
Atlanta,highest,J+0,2026-09-29,highest-temperature-in-atlanta-on-september-29-2026,82-83°F,102604635233494444318570092022802935647024282676517691413506450023871130602315,0.29,58.1,0.3,310.05,2026-09-29T06:02:18.353876+00:00
Atlanta,highest,J+0,2026-09-29,highest-temperature-in-atlanta-on-september-29-2026,84-85°F,47054990577320478373125697936973273688406030843600301543791088465010035347021,0.6,31.35,0.61,281.42,2026-09-29T06:02:18.353876+00:00
Atlanta,highest,J+0,2026-09-29,highest-temperature-in-atlanta-on-september-29-2026,86-87°F,101590905156664722138045054509769387210058746744379210802193741544784338710618,0.05,124.88,0.08,141.45,2026-09-29T06:02:18.353876+00:00
Atlanta,highest,J+0,2026-09-29,highest-temperature-in-atlanta-on-september-29-2026,88-89°F,115273887981944958796388702816815742999036447357572652445448809959278769012064,0.002,50,0.004,99.1,2026-09-29T06:02:18.353876+00:00
Atlanta,highest,J+0,2026-09-29,highest-temperature-in-atlanta-on-september-29-2026,90-91°F,99616431809559234492057408378169143623323279114051691183690600084212140813191,,,0.003,218.67,2026-09-29T06:02:18.353876+00:00
Atlanta,highest,J+0,2026-09-29,highest-temperature-in-atlanta-on-september-29-2026,92°F or higher,41672854865379763694713865510895499654609475588271905780498420009168388457357,,,0.001,885.89,2026-09-29T06:02:18.353876+00:00
Atlanta,highest,J+1,2026-09-30,highest-temperature-in-atlanta-on-september-30-2026,77°F or below,40802069348318519362186852969881927296750483588536596581343366962489685403598,,,0.002,100.78,2026-09-29T06:02:20.606550+00:00
Atlanta,highest,J+1,2026-09-30,highest-temperature-in-atlanta-on-september-30-2026,78-79°F,71661152196444737382965054004740059720938256260435637603517833749058326114600,0.001,79.95,0.018,554.75,2026-09-29T06:02:20.606550+00:00
Atlanta,highest,J+1,2026-09-30,highest-temperature-in-atlanta-on-september-30-2026,80-81°F,8660463036392447166079718531113871392739367250888328053252878649355969808133,0.001,15.31,0.005,372.26,2026-09-29T06:02:20.606550+00:00
Atlanta,highest,J+1,2026-09-30,highest-temperature-in-atlanta-on-september-30-2026,82-83°F,111997814670621993014462366980697432047376284468079639809444227040835324512691,0.008,69.31,0.009,12.86,2026-09-29T06:02:20.606550+00:00
Atlanta,highest,J+1,2026-09-30,highest-temperature-in-atlanta-on-september-30-2026,84-85°F,12836739193725947487194088162109855405070332514846160627873829234894086326390,0.06,66,0.09,29.9,2026-09-29T06:02:20.606550+00:00
Atlanta,highest,J+1,2026-09-30,highest-temperature-in-atlanta-on-september-30-2026,86-87°F,66675979675918928192211740129577436742794165699550878096622934503315143336448,0.51,20,0.53,20,2026-09-29T06:02:20.606550+00:00
Atlanta,highest,J+1,2026-09-30,highest-temperature-in-atlanta-on-september-30-2026,88-89°F,80622709929289112095098132512421925172445604516368081571699053616607895776591,0.36,243.06,0.39,159.79,2026-09-29T06:02:20.606550+00:00
Atlanta,highest,J+1,2026-09-30,highest-temperature-in-atlanta-on-september-30-2026,90-91°F,100814650207583369890179900184657509125822822701349314320347628923836096019285,0.005,80,0.006,115.23,2026-09-29T06:02:20.606550+00:00
Atlanta,highest,J+1,2026-09-30,highest-temperature-in-atlanta-on-september-30-2026,92-93°F,60852891965399739998185746871898598519931063410817155387906852004913636745682,,,0.048,5,2026-09-29T06:02:20.606550+00:00
Atlanta,highest,J+1,2026-09-30,highest-temperature-in-atlanta-on-september-30-2026,94-95°F,56256138707665461838208890507921221767306342645134705214796094708956070022989,0.001,49.19,0.004,79.98,2026-09-29T06:02:20.606550+00:00
Atlanta,highest,J+1,2026-09-30,highest-temperature-in-atlanta-on-september-30-2026,96°F or higher,92434385073148529821498731520158828126452037420485221144346807252124068283819,,,0.001,157.4,2026-09-29T06:02:20.606550+00:00
Atlanta,lowest,J+0,2026-09-29,lowest-temperature-in-atlanta-on-september-29-2026,49°F or below,2392233612101923742101676371725901476936015316714983990128945035414008473682,,,,,2026-09-29T06:02:22.868200+00:00
Atlanta,lowest,J+0,2026-09-29,lowest-temperature-in-atlanta-on-september-29-2026,50-51°F,53829590834007522162661405870387329589255852877894793614472997174080671041899,,,0.4,5,2026-09-29T06:02:22.868200+00:00
Atlanta,lowest,J+0,2026-09-29,lowest-temperature-in-atlanta-on-september-29-2026,52-53°F,48155027511860418657441045043326174808529046990328328896189410366891608308953,0.02,5,0.4,5,2026-09-29T06:02:22.868200+00:00
Atlanta,lowest,J+0,2026-09-29,lowest-temperature-in-atlanta-on-september-29-2026,54-55°F,67201449831703413475139216727635377769846129655002593009918525032195972980698,0.02,5,0.4,5,2026-09-29T06:02:22.868200+00:00
Atlanta,lowest,J+0,2026-09-29,lowest-temperature-in-atlanta-on-september-29-2026,56-57°F,28043638409287817658194190933449285696479795186116098599183373842105299954665,0.03,36,0.4,5,2026-09-29T06:02:22.868200+00:00
Atlanta,lowest,J+0,2026-09-29,lowest-temperature-in-atlanta-on-september-29-2026,58-59°F,105112688833526444870022336376433896797608688918832491305165762240953287837672,0.01,44.45,0.53,6.38,2026-09-29T06:02:22.868200+00:00
Atlanta,lowest,J+0,2026-09-29,lowest-temperature-in-atlanta-on-september-29-2026,60-61°F,39666509278702823528734004074059598828669315086949643099445270853178889864166,,,0.4,5,2026-09-29T06:02:22.868200+00:00
Atlanta,lowest,J+0,2026-09-29,lowest-temperature-in-atlanta-on-september-29-2026,62-63°F,22413641251831877854133525851249932576894115927493673600438236970928105751601,,,0.18,9.75,2026-09-29T06:02:22.868200+00:00
Atlanta,lowest,J+0,2026-09-29,lowest-temperature-in-atlanta-on-september-29-2026,64-65°F,114886309666146208413566129902153725462463308109412760741770185644943909282743,,,0.001,570,2026-09-29T06:02:22.868200+00:00
Atlanta,lowest,J+0,2026-09-29,lowest-temperature-in-atlanta-on-september-29-2026,66-67°F,107765144111521744042502271525257546919300863369714402922828303503290711902627,,,0.001,185,2026-09-29T06:02:22.868200+00:00
Atlanta,lowest,J+0,2026-09-29,lowest-temperature-in-atlanta-on-september-29-2026,68°F or higher,8851494477583647382546120399450797783703182787597127584806597526405755932248,,,0.001,1582.8,2026-09-29T06:02:22.868200+00:00
Atlanta,lowest,J+1,2026-09-30,lowest-temperature-in-atlanta-on-september-30-2026,53°F or below,15529640256030346174531280778052697756056985326772632562893727177261294945102,,,0.53,20.03,2026-09-29T06:02:25.121287+00:00
Atlanta,lowest,J+1,2026-09-30,lowest-temperature-in-atlanta-on-september-30-2026,54-55°F,56845833107674596709080387767301626119634707307321558409832445941907791147246,,,0.4,5,2026-09-29T06:02:25.121287+00:00
Atlanta,lowest,J+1,2026-09-30,lowest-temperature-in-atlanta-on-september-30-2026,56-57°F,113003677714986469574714789187529751198910366786971047064411969185620406430542,,,0.4,5,2026-09-29T06:02:25.121287+00:00
Atlanta,lowest,J+1,2026-09-30,lowest-temperature-in-atlanta-on-september-30-2026,58-59°F,36152711354438902135961679864228106318890253406073964052336205228755717163573,0.06,27.66,0.4,5,2026-09-29T06:02:25.121287+00:00
Atlanta,lowest,J+1,2026-09-30,lowest-temperature-in-atlanta-on-september-30-2026,60-61°F,87691642571649084730910039404737625777073156241665580194099817709105839545653,0.08,620,0.4,5,2026-09-29T06:02:25.121287+00:00
Atlanta,lowest,J+1,2026-09-30,lowest-temperature-in-atlanta-on-september-30-2026,62-63°F,84496239274585301503128197232994047874375460647868417320884135168411901725399,0.4,20,0.48,5.76,2026-09-29T06:02:25.121287+00:00
Atlanta,lowest,J+1,2026-09-30,lowest-temperature-in-atlanta-on-september-30-2026,64-65°F,113102692475008250345077753930402299937334337104829449401118484685733858105289,,,0.4,5,2026-09-29T06:02:25.121287+00:00
Atlanta,lowest,J+1,2026-09-30,lowest-temperature-in-atlanta-on-september-30-2026,66-67°F,92836905340794192059408890337169452352365656072595285636939728604469359781820,,,0.17,60,2026-09-29T06:02:25.121287+00:00
Atlanta,lowest,J+1,2026-09-30,lowest-temperature-in-atlanta-on-september-30-2026,68-69°F,58361142580944559949645432405775229268051323170636828441216799135808019589381,,,0.16,65,2026-09-29T06:02:25.121287+00:00
Atlanta,lowest,J+1,2026-09-30,lowest-temperature-in-atlanta-on-september-30-2026,70-71°F,6998005395092192321452436689478942631437851058082568844679536286880879004060,,,0.15,64,2026-09-29T06:02:25.121287+00:00
Atlanta,lowest,J+1,2026-09-30,lowest-temperature-in-atlanta-on-september-30-2026,72°F or higher,83963880609859094382522236653825883886707930390359871176688202309173081800862,,,0.58,23,2026-09-29T06:02:25.121287+00:00
Los Angeles,highest,J+0,2026-09-29,highest-temperature-in-los-angeles-on-september-29-2026,73°F or below,100277282774208344732550841543542204722103870042036629572401462647270053410997,,,0.003,102.06,2026-09-29T06:02:27.403291+00:00
Los Angeles,highest,J+0,2026-09-29,highest-temperature-in-los-angeles-on-september-29-2026,74-75°F,42552837313364159479751311254860835481593309203992439723982818915836170515272,,,0.002,71.18,2026-09-29T06:02:27.403291+00:00
Los Angeles,highest,J+0,2026-09-29,highest-temperature-in-los-angeles-on-september-29-2026,76-77°F,28665268102502476582857363596713072544526057559018913009659758480865768675620,0.002,13.55,0.005,13,2026-09-29T06:02:27.403291+00:00
Los Angeles,highest,J+0,2026-09-29,highest-temperature-in-los-angeles-on-september-29-2026,78-79°F,66442358823696257383253968871564423334925505787515398999931164778329538593751,0.07,64.99,0.11,447.2,2026-09-29T06:02:27.403291+00:00
Los Angeles,highest,J+0,2026-09-29,highest-temperature-in-los-angeles-on-september-29-2026,80-81°F,67651346414785248833589539144633055103535288702993358011074858754123538101494,0.2,9.62,0.22,9.72,2026-09-29T06:02:27.403291+00:00
Los Angeles,highest,J+0,2026-09-29,highest-temperature-in-los-angeles-on-september-29-2026,82-83°F,115469958771866579854186828728628127738273873878333246796527549928335040974311,0.28,85.11,0.31,75,2026-09-29T06:02:27.403291+00:00
Los Angeles,highest,J+0,2026-09-29,highest-temperature-in-los-angeles-on-september-29-2026,84-85°F,61721538717108886973004236543454325384170730099986900798225740783397896185111,0.23,147.02,0.26,80.09,2026-09-29T06:02:27.403291+00:00
Los Angeles,highest,J+0,2026-09-29,highest-temperature-in-los-angeles-on-september-29-2026,86-87°F,78910089949490816189190688181840426998222183636446042883636763086816420179588,0.11,57.8,0.121,13.05,2026-09-29T06:02:27.403291+00:00
Los Angeles,highest,J+0,2026-09-29,highest-temperature-in-los-angeles-on-september-29-2026,88-89°F,23310260627003052291058616446586094880831788030966333933926472749072288124247,0.003,262.86,0.004,67.28,2026-09-29T06:02:27.403291+00:00
Los Angeles,highest,J+0,2026-09-29,highest-temperature-in-los-angeles-on-september-29-2026,90-91°F,48095500023533413798002961726636945789325796654978702086977002148537486395852,,,0.003,62.76,2026-09-29T06:02:27.403291+00:00
Los Angeles,highest,J+0,2026-09-29,highest-temperature-in-los-angeles-on-september-29-2026,92°F or higher,99888986782916634862961603071781574912256029532360607186906787761044445154131,,,0.001,107.54,2026-09-29T06:02:27.403291+00:00
Los Angeles,highest,J+1,2026-09-30,highest-temperature-in-los-angeles-on-september-30-2026,71°F or below,39124615905795469319894515167359851592283722682385471346071498965270560343929,0.002,150,0.018,50.44,2026-09-29T06:02:29.691976+00:00
Los Angeles,highest,J+1,2026-09-30,highest-temperature-in-los-angeles-on-september-30-2026,72-73°F,12348813624522405707216852857410123946280544759280150271631069089137064094783,0.005,80,0.009,50,2026-09-29T06:02:29.691976+00:00
Los Angeles,highest,J+1,2026-09-30,highest-temperature-in-los-angeles-on-september-30-2026,74-75°F,82553008853709776609316534059233834010750135529323058969711833866611423539096,0.03,10.75,0.056,57.22,2026-09-29T06:02:29.691976+00:00
Los Angeles,highest,J+1,2026-09-30,highest-temperature-in-los-angeles-on-september-30-2026,76-77°F,24798360350164327582539070166616366824128748498744873232698010009459813536282,0.04,1144.9,0.08,20.1,2026-09-29T06:02:29.691976+00:00
Los Angeles,highest,J+1,2026-09-30,highest-temperature-in-los-angeles-on-september-30-2026,78-79°F,42053044092172196029107507051867790302742766807505563647645127671526403595309,0.46,165,0.47,265,2026-09-29T06:02:29.691976+00:00
Los Angeles,highest,J+1,2026-09-30,highest-temperature-in-los-angeles-on-september-30-2026,80-81°F,84149256752726341135217340286145143857708861259771134728602800697647699840024,0.27,617.06,0.3,238,2026-09-29T06:02:29.691976+00:00
Los Angeles,highest,J+1,2026-09-30,highest-temperature-in-los-angeles-on-september-30-2026,82-83°F,40707818591197363049561621894775403667048555990059556355109919250746562891052,0.06,87.7,0.13,92.9,2026-09-29T06:02:29.691976+00:00
Los Angeles,highest,J+1,2026-09-30,highest-temperature-in-los-angeles-on-september-30-2026,84-85°F,52114838094315249202504960959982609070891169503051697643340019653071719715282,0.04,10,0.13,32,2026-09-29T06:02:29.691976+00:00
Los Angeles,highest,J+1,2026-09-30,highest-temperature-in-los-angeles-on-september-30-2026,86-87°F,98848545933563981384695498027940337788041094001234925123854928788188696844321,0.002,1006.74,0.023,39.9,2026-09-29T06:02:29.691976+00:00
Los Angeles,highest,J+1,2026-09-30,highest-temperature-in-los-angeles-on-september-30-2026,88-89°F,23120073790617512599682771345129936904616694253159054183840917498620751886728,0.005,80,0.01,20.47,2026-09-29T06:02:29.691976+00:00
Los Angeles,highest,J+1,2026-09-30,highest-temperature-in-los-angeles-on-september-30-2026,90°F or higher,38183560908736986738522661507607726527657430342025069221063739608941696111644,,,0.001,150,2026-09-29T06:02:29.691976+00:00
Los Angeles,lowest,J+0,2026-09-29,lowest-temperature-in-los-angeles-on-september-29-2026,57°F or below,19131352417053875914198923774385714709393653035123775050388406063885587406654,,,0.74,12.8,2026-09-29T06:02:31.974285+00:00
Los Angeles,lowest,J+0,2026-09-29,lowest-temperature-in-los-angeles-on-september-29-2026,58-59°F,20708373515090133332550011979548040750964797387036007980361859937002791092639,0.003,20,0.005,300,2026-09-29T06:02:31.974285+00:00
Los Angeles,lowest,J+0,2026-09-29,lowest-temperature-in-los-angeles-on-september-29-2026,60-61°F,35415280330164576186418424715364029342506112928781014747752606109103886918907,0.02,7,0.03,20,2026-09-29T06:02:31.974285+00:00
Los Angeles,lowest,J+0,2026-09-29,lowest-temperature-in-los-angeles-on-september-29-2026,62-63°F,97559620850388959067308143137325083852633092114886978477786223349834273186314,0.091,10,0.397,49.49,2026-09-29T06:02:31.974285+00:00
Los Angeles,lowest,J+0,2026-09-29,lowest-temperature-in-los-angeles-on-september-29-2026,64-65°F,44844044552486469435665225794561713877060418502766722481964377853587980662627,0.11,46.11,0.62,5.26,2026-09-29T06:02:31.974285+00:00
Los Angeles,lowest,J+0,2026-09-29,lowest-temperature-in-los-angeles-on-september-29-2026,66-67°F,95144279581003221737438537423705132557034381737173987614644477806982048028232,0.06,18.6,0.43,8.46,2026-09-29T06:02:31.974285+00:00
Los Angeles,lowest,J+0,2026-09-29,lowest-temperature-in-los-angeles-on-september-29-2026,68-69°F,39722950369657171110827809488522241539782668723174220807353703897199129841998,0.02,50,0.39,38.73,2026-09-29T06:02:31.974285+00:00
Los Angeles,lowest,J+0,2026-09-29,lowest-temperature-in-los-angeles-on-september-29-2026,70-71°F,109408459745004796995999582559088102263310013269965339466898974251350262167273,,,0.4,5,2026-09-29T06:02:31.974285+00:00
Los Angeles,lowest,J+0,2026-09-29,lowest-temperature-in-los-angeles-on-september-29-2026,72-73°F,63839316839320490188988670179462815612551415867329616292948821778545622186939,,,0.4,5,2026-09-29T06:02:31.974285+00:00
Los Angeles,lowest,J+0,2026-09-29,lowest-temperature-in-los-angeles-on-september-29-2026,74-75°F,67770248622387848338089161377418607062832329329883288084789357459378544994511,0.001,15,0.169,66,2026-09-29T06:02:31.974285+00:00
Los Angeles,lowest,J+0,2026-09-29,lowest-temperature-in-los-angeles-on-september-29-2026,76°F or higher,16326035258312687221765542659963484466335305176103799331258715695989438935687,,,0.75,21,2026-09-29T06:02:31.974285+00:00
Los Angeles,lowest,J+1,2026-09-30,lowest-temperature-in-los-angeles-on-september-30-2026,59°F or below,90378510269256931878941185311181424321796008435132636364136289520867965978971,0.001,20,0.029,41,2026-09-29T06:02:34.205223+00:00
Los Angeles,lowest,J+1,2026-09-30,lowest-temperature-in-los-angeles-on-september-30-2026,60-61°F,13893410836576758851276755186458213479796386921988272157007670842461605179779,0.03,36,0.4,10,2026-09-29T06:02:34.205223+00:00
Los Angeles,lowest,J+1,2026-09-30,lowest-temperature-in-los-angeles-on-september-30-2026,62-63°F,51158983232250344535943384470485739449090706522632912180482526069562862186796,0.03,36,0.4,10,2026-09-29T06:02:34.205223+00:00
Los Angeles,lowest,J+1,2026-09-30,lowest-temperature-in-los-angeles-on-september-30-2026,64-65°F,23047106276565857781949935564670730983234436208234624823897702937982346931314,0.03,36,0.4,10,2026-09-29T06:02:34.205223+00:00
Los Angeles,lowest,J+1,2026-09-30,lowest-temperature-in-los-angeles-on-september-30-2026,66-67°F,27104112316864237852902954603397144658294781223682161429062653598852600662968,0.4,270,0.58,7.14,2026-09-29T06:02:34.205223+00:00
Los Angeles,lowest,J+1,2026-09-30,lowest-temperature-in-los-angeles-on-september-30-2026,68-69°F,83274444484108092571878167503924810748006339639189233386128241794649283232611,0.05,10,0.44,2.73,2026-09-29T06:02:34.205223+00:00
Los Angeles,lowest,J+1,2026-09-30,lowest-temperature-in-los-angeles-on-september-30-2026,70-71°F,37358465653015403336462737641209975470566355220323538563987763303372721965541,0.05,20,0.38,5,2026-09-29T06:02:34.205223+00:00
Los Angeles,lowest,J+1,2026-09-30,lowest-temperature-in-los-angeles-on-september-30-2026,72-73°F,104870998719574786141081508188230701581644671040977154787071032275053000291097,0.02,10,0.4,10,2026-09-29T06:02:34.205223+00:00
Los Angeles,lowest,J+1,2026-09-30,lowest-temperature-in-los-angeles-on-september-30-2026,74-75°F,69237101189014489396410689041978147851668056579284189001323007917518254815087,,,0.4,5,2026-09-29T06:02:34.205223+00:00
Los Angeles,lowest,J+1,2026-09-30,lowest-temperature-in-los-angeles-on-september-30-2026,76-77°F,54794478233603013735383432962114368222464283236049081470460875082355016974858,,,0.4,5,2026-09-29T06:02:34.205223+00:00
Los Angeles,lowest,J+1,2026-09-30,lowest-temperature-in-los-angeles-on-september-30-2026,78°F or higher,41314564482949955729077744981586589335836728867526948398383412454499158354346,,,0.44,20.03,2026-09-29T06:02:34.205223+00:00
San Francisco,highest,J+0,2026-09-29,highest-temperature-in-san-francisco-on-september-29-2026,69°F or below,87994760516428184513025214758316247378481129213529534135631759050347147954161,0.022,52.11,0.039,5,2026-09-29T06:02:36.443201+00:00
San Francisco,highest,J+0,2026-09-29,highest-temperature-in-san-francisco-on-september-29-2026,70-71°F,71347997950771838046918964943506364604090041484730334438409225724465509520844,0.01,16.82,0.032,19.7,2026-09-29T06:02:36.443201+00:00
San Francisco,highest,J+0,2026-09-29,highest-temperature-in-san-francisco-on-september-29-2026,72-73°F,114165484395405785734120163692177121247172005382700046910904356979564629286675,0.06,69.39,0.09,68.77,2026-09-29T06:02:36.443201+00:00
San Francisco,highest,J+0,2026-09-29,highest-temperature-in-san-francisco-on-september-29-2026,74-75°F,30388354950737306816280098396505300089517136701852131330663453830790335975615,0.16,303.05,0.19,180,2026-09-29T06:02:36.443201+00:00
San Francisco,highest,J+0,2026-09-29,highest-temperature-in-san-francisco-on-september-29-2026,76-77°F,36114015140447223494460315323783545990777849841501477967039422255096251083549,0.26,135,0.31,188.49,2026-09-29T06:02:36.443201+00:00
San Francisco,highest,J+0,2026-09-29,highest-temperature-in-san-francisco-on-september-29-2026,78-79°F,99902428923658261658678015089950618093850368958959752903989130545226596616458,0.24,125.16,0.29,106.27,2026-09-29T06:02:36.443201+00:00
San Francisco,highest,J+0,2026-09-29,highest-temperature-in-san-francisco-on-september-29-2026,80-81°F,48843769241768670152882443892499147317987597338631134720859675791346455785230,0.15,55,0.17,198.91,2026-09-29T06:02:36.443201+00:00
San Francisco,highest,J+0,2026-09-29,highest-temperature-in-san-francisco-on-september-29-2026,82-83°F,77381599638667256792744044898723418307466577112674976664457792405530131128959,0.018,1550.93,0.021,78.1,2026-09-29T06:02:36.443201+00:00
San Francisco,highest,J+0,2026-09-29,highest-temperature-in-san-francisco-on-september-29-2026,84-85°F,39348618102304142937585847204527803858397913063055093558078942330569789773338,0.003,35,0.009,20,2026-09-29T06:02:36.443201+00:00
San Francisco,highest,J+0,2026-09-29,highest-temperature-in-san-francisco-on-september-29-2026,86-87°F,87291720038326761239199322913414415495644710799560000371040111708548293101924,0.002,20.12,0.005,186,2026-09-29T06:02:36.443201+00:00
San Francisco,highest,J+0,2026-09-29,highest-temperature-in-san-francisco-on-september-29-2026,88°F or higher,26712960817016365958167040492066286379118070210332898110351505480332819779355,,,0.001,650,2026-09-29T06:02:36.443201+00:00
San Francisco,highest,J+1,2026-09-30,highest-temperature-in-san-francisco-on-september-30-2026,73°F or below,43422878468859352371165060737650603074942232472066712391419878965947902545249,0.09,54.9,0.11,70,2026-09-29T06:02:38.683451+00:00
San Francisco,highest,J+1,2026-09-30,highest-temperature-in-san-francisco-on-september-30-2026,74-75°F,49160310501098686373487956435288411661428991572762165657246103776640802461505,0.16,276.88,0.2,223.06,2026-09-29T06:02:38.683451+00:00
San Francisco,highest,J+1,2026-09-30,highest-temperature-in-san-francisco-on-september-30-2026,76-77°F,24424107658819377084718301601633693947591870518585519727209739944536456294753,0.27,273,0.3,185.01,2026-09-29T06:02:38.683451+00:00
San Francisco,highest,J+1,2026-09-30,highest-temperature-in-san-francisco-on-september-30-2026,78-79°F,40220272281429546433016501920807007106242929748860635648432947602835883365592,0.21,220.09,0.24,234.14,2026-09-29T06:02:38.683451+00:00
San Francisco,highest,J+1,2026-09-30,highest-temperature-in-san-francisco-on-september-30-2026,80-81°F,41902936641582035372446388821038775180009955508722073881195757706257871286123,0.11,105,0.13,74,2026-09-29T06:02:38.683451+00:00
San Francisco,highest,J+1,2026-09-30,highest-temperature-in-san-francisco-on-september-30-2026,82-83°F,10748387151473978561346129517352852284148593438606772996813784411671637780660,0.047,129.43,0.052,40.69,2026-09-29T06:02:38.683451+00:00
San Francisco,highest,J+1,2026-09-30,highest-temperature-in-san-francisco-on-september-30-2026,84-85°F,89163284503564944043140499898696620582955743009225276723771917508108918436615,0.013,24,0.049,10.04,2026-09-29T06:02:38.683451+00:00
San Francisco,highest,J+1,2026-09-30,highest-temperature-in-san-francisco-on-september-30-2026,86-87°F,31884656495340932835793886040631351814172415389426934647050103751038277813799,0.005,80,0.018,506.53,2026-09-29T06:02:38.683451+00:00
San Francisco,highest,J+1,2026-09-30,highest-temperature-in-san-francisco-on-september-30-2026,88-89°F,45382446083065912017598656043100882434837073811535683761586819409893952516759,0.001,180,0.02,385,2026-09-29T06:02:38.683451+00:00
San Francisco,highest,J+1,2026-09-30,highest-temperature-in-san-francisco-on-september-30-2026,90-91°F,95508976257930567974486262363359413898431233414680947174247788241706157510085,0.001,175,0.02,625.41,2026-09-29T06:02:38.683451+00:00
San Francisco,highest,J+1,2026-09-30,highest-temperature-in-san-francisco-on-september-30-2026,92°F or higher,11992470646109250129195918844033535203068188838053853049618839769096851578328,,,0.001,980,2026-09-29T06:02:38.683451+00:00
San Francisco,lowest,J+0,2026-09-29,lowest-temperature-in-san-francisco-on-september-29-2026,47°F or below,85406071381457460609977486510017514088829777087546363836183517007367414656095,,,,,2026-09-29T06:02:40.921571+00:00
San Francisco,lowest,J+0,2026-09-29,lowest-temperature-in-san-francisco-on-september-29-2026,48-49°F,112426692812347495204072861007493662776798040802285095826798679963038462994954,,,0.17,55,2026-09-29T06:02:40.921571+00:00
San Francisco,lowest,J+0,2026-09-29,lowest-temperature-in-san-francisco-on-september-29-2026,50-51°F,91857382836639068279644897942527481718388038827630319672944319260636370997280,,,0.4,5,2026-09-29T06:02:40.921571+00:00
San Francisco,lowest,J+0,2026-09-29,lowest-temperature-in-san-francisco-on-september-29-2026,52-53°F,85853813690225770990955047094188682649050401850223331641297922393017455429185,,,0.4,5,2026-09-29T06:02:40.921571+00:00
San Francisco,lowest,J+0,2026-09-29,lowest-temperature-in-san-francisco-on-september-29-2026,54-55°F,108440007027715956708665308212428234883984520199527718886697754077606269616248,0.27,49.99,0.66,9.83,2026-09-29T06:02:40.921571+00:00
San Francisco,lowest,J+0,2026-09-29,lowest-temperature-in-san-francisco-on-september-29-2026,56-57°F,81425542749228636508816145041627518456013921625449693042096729929076645571803,0.2,24.93,0.39,20,2026-09-29T06:02:40.921571+00:00
San Francisco,lowest,J+0,2026-09-29,lowest-temperature-in-san-francisco-on-september-29-2026,58-59°F,84981433652051862863829686692792536762500883876109285146094806368133687546382,0.01,100,0.39,36.39,2026-09-29T06:02:40.921571+00:00
San Francisco,lowest,J+0,2026-09-29,lowest-temperature-in-san-francisco-on-september-29-2026,60-61°F,68747705097702492282339348305918057690203204741692758406631546748005267505613,,,0.4,5,2026-09-29T06:02:40.921571+00:00
San Francisco,lowest,J+0,2026-09-29,lowest-temperature-in-san-francisco-on-september-29-2026,62-63°F,10996881732367092638085121144706548253175631699634860430686202255486453373245,,,0.17,65,2026-09-29T06:02:40.921571+00:00
San Francisco,lowest,J+0,2026-09-29,lowest-temperature-in-san-francisco-on-september-29-2026,64-65°F,50573287248466426169614372871844602215244621408130028155573512393949753957158,,,0.17,65,2026-09-29T06:02:40.921571+00:00
San Francisco,lowest,J+0,2026-09-29,lowest-temperature-in-san-francisco-on-september-29-2026,66°F or higher,79388374470471883882296705609061160288040866146490662083451188810955314306974,,,0.78,30,2026-09-29T06:02:40.921571+00:00
San Francisco,lowest,J+1,2026-09-30,lowest-temperature-in-san-francisco-on-september-30-2026,47°F or below,1796196368926996834489122365863583666810004448726361880541483364208598302678,,,0.71,52,2026-09-29T06:02:43.245424+00:00
San Francisco,lowest,J+1,2026-09-30,lowest-temperature-in-san-francisco-on-september-30-2026,48-49°F,11383345541811020804225920898187129737732165913376686043234967449429720710374,,,0.4,5,2026-09-29T06:02:43.245424+00:00
San Francisco,lowest,J+1,2026-09-30,lowest-temperature-in-san-francisco-on-september-30-2026,50-51°F,23801086303712739061675812163780743731307737703829879679903644014157006333540,,,0.4,5,2026-09-29T06:02:43.245424+00:00
San Francisco,lowest,J+1,2026-09-30,lowest-temperature-in-san-francisco-on-september-30-2026,52-53°F,52829031738315352199241798297520754855231867311467024570984440599364445872708,,,0.4,5,2026-09-29T06:02:43.245424+00:00
San Francisco,lowest,J+1,2026-09-30,lowest-temperature-in-san-francisco-on-september-30-2026,54-55°F,114442459476529863639619410784168067377774170239622763731627572739003406603316,,,0.4,5,2026-09-29T06:02:43.245424+00:00
San Francisco,lowest,J+1,2026-09-30,lowest-temperature-in-san-francisco-on-september-30-2026,56-57°F,26963702459685841913908609040009980730561498800832975165666434878798897853604,0.46,20,0.64,5.55,2026-09-29T06:02:43.245424+00:00
San Francisco,lowest,J+1,2026-09-30,lowest-temperature-in-san-francisco-on-september-30-2026,58-59°F,20430716884171273870905276260472538023040447479488061558709735038471154415344,0.02,10,0.44,2.73,2026-09-29T06:02:43.245424+00:00
San Francisco,lowest,J+1,2026-09-30,lowest-temperature-in-san-francisco-on-september-30-2026,60-61°F,73513940085845367430188173921533137172135662581736304113329683771611886403579,,,0.4,5,2026-09-29T06:02:43.245424+00:00
San Francisco,lowest,J+1,2026-09-30,lowest-temperature-in-san-francisco-on-september-30-2026,62-63°F,71737899771494469735037418462844776050131653356781932572963082863549301456557,,,0.4,5,2026-09-29T06:02:43.245424+00:00
San Francisco,lowest,J+1,2026-09-30,lowest-temperature-in-san-francisco-on-september-30-2026,64-65°F,14373218794012935290252118853200720294073491607485638022074472168399014986295,,,0.4,5,2026-09-29T06:02:43.245424+00:00
San Francisco,lowest,J+1,2026-09-30,lowest-temperature-in-san-francisco-on-september-30-2026,66°F or higher,6786548609868012170266349261033833173240393927231169722593859322333932265214,,,0.66,10,2026-09-29T06:02:43.245424+00:00
